src,dst,wgh
EV,JV,26.0
JZ,JV,2.0
GU,SS,3.0
KH,XG,7.0
BS,LR,11.0
CL,ME,10.0
NS,US,16.0
SG,UK,47.0
YY,HG,7.0
WG,NU,28.0
VN,EM,16.0
UZ,GZ,32.0
DV,NW,20.0
XM,LY,20.0
RG,AT,38.0
IO,QO,31.0
VU,JG,5.0
CV,DA,5.0
WG,SL,26.0
LD,OM,3.0
LZ,FF,9.0
DL,AW,7.0
AL,OE,4.0
MH,SQ,36.0
IJ,HZ,38.0
KI,QW,5.0
KD,DQ,12.0
KQ,BH,43.0
OL,AM,12.0
XH,SG,18.0
HT,OU,33.0
ED,HP,25.0
GO,AY,7.0
IW,BM,44.0
GF,HW,44.0
LC,F,12.0
OC,MB,8.0
QI,AZ,4.0
O,YC,9.0
AG,RJ,34.0
IS,RM,20.0
GS,KE,49.0
QC,YA,34.0
AR,KU,7.0
XV,XQ,39.0
XV,OV,26.0
TD,PF,17.0
OD,VF,40.0
TA,MO,6.0
OT,TB,28.0
EM,FV,47.0
G,TZ,15.0
UD,G,15.0
WN,YF,31.0
RR,KB,49.0
IW,PL,21.0
XY,YI,20.0
RM,KH,45.0
OE,IT,50.0
TD,YN,49.0
OP,DP,41.0
BN,GR,22.0
YF,OZ,6.0
MV,DU,48.0
AV,JG,5.0
LU,YO,10.0
IX,JB,1.0
ED,RX,49.0
HF,GJ,7.0
NF,PW,25.0
DD,HB,36.0
JL,UA,23.0
OP,IT,34.0
GT,GM,10.0
QJ,RW,29.0
OU,HP,6.0
TQ,AN,42.0
MT,UQ,44.0
RX,UQ,37.0
EA,UK,15.0
RW,AS,32.0
PF,HC,1.0
EH,QJ,46.0
VN,LG,18.0
EX,OF,27.0
EE,EX,10.0
BS,XC,10.0
AC,OK,1.0
PE,DC,39.0
VE,OA,6.0
ST,AP,25.0
HL,ID,31.0
JI,MU,24.0
EN,MZ,24.0
MR,HL,33.0
MI,FO,1.0
IU,VJ,50.0
U,OY,40.0
S,KS,12.0
CT,NE,27.0
YE,OR,40.0
HW,MH,8.0
FO,BN,39.0
SQ,OJ,16.0
VW,IO,39.0
SD,VJ,13.0
SF,MX,37.0
MV,BG,41.0
PR,H,21.0
NT,OZ,24.0
QP,NA,24.0
PO,XY,46.0
NF,NI,50.0
VA,IJ,35.0
LK,KL,21.0
HR,EF,6.0
WA,NQ,47.0
MK,PS,40.0
RJ,CM,5.0
TU,EQ,50.0
FB,CH,34.0
SR,WP,19.0
GG,WF,42.0
EX,CJ,27.0
MX,JF,29.0
ET,NS,4.0
TI,ET,39.0
VY,UD,2.0
SC,WN,24.0
BU,JX,39.0
VO,SK,19.0
JN,AS,33.0
FG,QA,39.0
OA,UT,44.0
BT,AF,9.0
MK,UW,22.0
NZ,WI,32.0
JW,HG,15.0
WT,GW,19.0
VO,XB,21.0
AQ,SE,29.0
OB,FB,17.0
YC,PL,40.0
AP,JN,4.0
MA,SC,7.0
NH,QC,10.0
UM,SF,10.0
XB,QD,49.0
FX,XA,38.0
NE,UO,44.0
OH,AD,28.0
GK,UR,8.0
LM,QL,15.0
KR,SV,33.0
SO,FK,21.0
LG,AQ,33.0
XH,SI,19.0
TB,XG,30.0
HQ,MF,14.0
VZ,XB,38.0
JK,HW,50.0
YY,VH,49.0
AS,OW,44.0
BO,FP,49.0
FT,MF,39.0
PR,XO,19.0
CO,MH,38.0
SH,ST,10.0
SH,JY,38.0
AT,E,23.0
CI,F,38.0
HC,KO,37.0
XX,MA,30.0
TT,SS,43.0
JH,BB,7.0
EB,PF,6.0
TH,PF,47.0
WX,JZ,43.0
AW,PH,31.0
GH,MY,34.0
PM,XU,47.0
GA,MV,30.0
QU,OX,43.0
SE,BS,1.0
KF,TL,42.0
QN,OU,17.0
PL,KZ,20.0
JY,TI,6.0
GO,OZ,6.0
QP,GI,34.0
LV,XZ,40.0
CH,UB,18.0
JV,GL,33.0
AH,DY,20.0
MQ,GB,2.0
VV,IC,4.0
BM,NQ,46.0
HC,PS,34.0
NT,MY,50.0
OM,NL,4.0
VA,KM,23.0
VM,DT,46.0
BY,WV,37.0
SU,KH,37.0
UG,LH,27.0
JZ,GW,44.0
VC,CA,3.0
GZ,UE,39.0
TL,XX,3.0
KL,RM,17.0
OP,N,29.0
OG,PG,11.0
HR,KZ,45.0
XS,WB,30.0
NC,PT,23.0
QK,HB,4.0
ES,HE,18.0
PK,PG,22.0
GH,SP,29.0
HD,JI,14.0
AO,NW,23.0
OV,AH,18.0
XE,UK,13.0
PI,SD,10.0
JE,JT,21.0
VR,WD,34.0
NE,WE,17.0
LX,FD,33.0
TE,WW,26.0
XW,LF,18.0
IX,SL,6.0
RZ,RV,32.0
AL,HB,31.0
HS,EP,49.0
WD,W,14.0
NS,OC,11.0
EG,LY,40.0
RJ,OK,44.0
SN,SO,38.0
KX,AJ,41.0
BW,XC,38.0
A,QG,36.0
XO,HC,38.0
AS,HR,2.0
MK,XM,10.0
EO,VF,50.0
UH,SW,39.0
WN,QP,6.0
KA,DE,18.0
AI,MA,33.0
X,OS,46.0
HM,QW,18.0
WP,XA,26.0
BY,GI,4.0
MS,RF,16.0
AI,QR,22.0
WT,SU,2.0
WI,WX,38.0
YL,KF,36.0
GJ,DJ,6.0
DR,BC,22.0
SJ,DP,14.0
XQ,MP,24.0
WT,OQ,32.0
KC,FL,25.0
ED,KH,23.0
BV,N,6.0
UI,BF,50.0
SF,DR,44.0
R,DO,26.0
TG,HQ,43.0
BX,BH,15.0
EK,GG,43.0
NE,BA,42.0
IK,IL,8.0
D,BX,9.0
LK,BF,34.0
FZ,CD,11.0
NJ,IR,50.0
QR,KF,15.0
HN,PD,43.0
SY,XS,24.0
OE,CD,31.0
ND,VW,48.0
DU,WJ,49.0
OE,PP,17.0
LY,GP,22.0
UU,YJ,21.0
OO,VZ,32.0
K,PZ,35.0
TY,CE,18.0
OK,BW,38.0
EY,WJ,16.0
AH,UA,9.0
JH,RQ,12.0
PY,EQ,1.0
VK,SB,27.0
SE,JM,42.0
NN,HD,18.0
UP,UL,14.0
NX,PZ,50.0
HR,NP,2.0
AZ,HS,19.0
VJ,YH,16.0
NT,YW,46.0
GW,PZ,21.0
DM,LQ,29.0
JG,SH,4.0
UX,AS,2.0
QQ,QA,2.0
ON,SM,12.0
SA,XA,38.0
H,JR,49.0
YJ,GV,10.0
CY,SU,42.0
JP,HF,33.0
II,AK,1.0
LV,EY,10.0
IQ,NV,42.0
XI,QI,48.0
EW,HT,21.0
JC,XA,2.0
GT,NV,30.0
XT,SH,33.0
NP,OB,15.0
CZ,HT,36.0
TS,EZ,35.0
IB,DN,34.0
GP,TP,15.0
EG,TF,49.0
WE,AG,11.0
IH,VG,16.0
AA,YD,43.0
CZ,MK,49.0
CZ,DP,17.0
YU,FK,44.0
OX,JV,35.0
GA,DP,27.0
QL,MP,10.0
DI,KD,34.0
LD,XY,38.0
AD,KF,48.0
YU,BG,35.0
HQ,QY,31.0
TM,VK,11.0
NQ,HR,13.0
FR,PE,5.0
BN,BR,32.0
SL,DI,27.0
HQ,MU,41.0
UW,FM,15.0
AF,GK,38.0
M,FX,3.0
BO,GE,33.0
WP,VM,42.0
CG,IG,9.0
TS,OU,43.0
MC,YE,4.0
VY,MN,16.0
GN,GK,16.0
MQ,GD,41.0
HA,YG,3.0
HI,RM,14.0
GZ,YK,13.0
GG,PC,46.0
BV,PP,10.0
KV,NF,7.0
OX,TQ,27.0
NQ,MV,8.0
BG,KW,11.0
NA,CH,23.0
LC,RZ,1.0
XZ,RP,24.0
UB,RE,33.0
Y,PP,45.0
ND,TV,6.0
NC,TZ,32.0
DV,GI,13.0
RL,GL,49.0
RT,TW,14.0
XT,KP,19.0
NV,JF,4.0
EV,CU,37.0
FW,GT,22.0
QZ,BX,22.0
DA,X,41.0
JO,PS,33.0
TF,Q,9.0
QC,CN,46.0
TX,BS,34.0
JN,HB,1.0
AN,AQ,4.0
SJ,YV,17.0
NF,QA,3.0
VQ,RS,2.0
EU,JA,22.0
WL,TZ,40.0
UQ,GW,34.0
HE,CN,45.0
NE,WG,2.0
O,DC,9.0
RI,EH,40.0
AS,HG,16.0
XR,GW,4.0
XI,EZ,33.0
CD,JV,44.0
TP,RU,21.0
YA,PW,24.0
LL,AR,43.0
LK,WL,46.0
DO,BD,42.0
XI,JQ,23.0
SR,HH,43.0
SN,SQ,5.0
HK,OR,3.0
JC,QI,31.0
RA,UJ,9.0
RI,EU,40.0
CO,NZ,13.0
OF,FF,31.0
AC,OO,32.0
AK,HU,12.0
XD,PY,44.0
MD,AU,33.0
EM,CY,18.0
DC,FX,8.0
E,FM,25.0
NI,LX,13.0
YN,HK,19.0
LH,FX,10.0
S,GF,3.0
TM,OS,39.0
IO,XZ,35.0
BT,QW,26.0
VW,IF,17.0
LZ,MQ,28.0
WM,QH,49.0
OK,XP,24.0
QH,TL,20.0
PT,VY,7.0
BA,BZ,33.0
JH,C,26.0
UB,JZ,30.0
CX,GQ,8.0
TE,KP,22.0
GG,MO,4.0
OE,GJ,46.0
MX,O,48.0
FH,KJ,46.0
WV,KX,20.0
KA,NB,32.0
LP,EH,34.0
W,PY,35.0
TG,IF,45.0
MV,BK,6.0
SE,EK,31.0
WE,IA,33.0
IY,PI,20.0
XN,GJ,19.0
YF,IL,21.0
KL,TR,32.0
JS,IY,29.0
AV,LN,50.0
GY,CL,31.0
JZ,NS,43.0
VK,NM,3.0
AI,T,1.0
NC,RY,23.0
FY,BV,47.0
UV,IT,20.0
WF,YO,28.0
RL,EK,33.0
VZ,MX,25.0
YV,CD,36.0
CU,QG,7.0
AZ,LY,19.0
EO,SG,2.0
FH,UE,10.0
AV,MA,7.0
QX,CT,7.0
BR,CT,16.0
RA,NE,40.0
RE,RT,34.0
WC,YW,47.0
UQ,NQ,8.0
PI,YZ,27.0
SV,AN,29.0
NI,IW,31.0
JZ,SW,49.0
NU,SB,9.0
PX,GU,35.0
NG,LT,32.0
KP,SD,37.0
MJ,WP,34.0
AL,FC,40.0
TR,QC,34.0
II,JH,15.0
SG,UQ,28.0
QK,TB,4.0
NI,JJ,31.0
HX,KH,49.0
NN,MJ,28.0
QM,UV,33.0
YN,EW,47.0
L,HS,22.0
MT,XK,35.0
NU,SO,40.0
YJ,QF,21.0
WB,FL,44.0
UZ,LW,47.0
AD,AZ,35.0
I,DJ,8.0
XW,XF,29.0
YN,AS,41.0
GE,DP,20.0
U,VJ,27.0
DQ,KE,15.0
IP,FT,37.0
JN,TM,49.0
YZ,SS,47.0
WW,MJ,47.0
FU,AV,44.0
MN,VB,47.0
FF,OW,15.0
KC,HQ,6.0
TP,CX,44.0
BO,KK,14.0
YS,XG,40.0
CM,YD,49.0
CN,IL,23.0
HP,NA,47.0
CH,YJ,22.0
GN,KQ,5.0
HZ,VW,5.0
TT,XN,26.0
Y,PE,21.0
CB,DX,14.0
QR,DP,17.0
EM,OW,20.0
QN,XT,3.0
VO,KW,13.0
HG,PU,10.0
SM,LD,25.0
RS,BZ,43.0
ID,TV,32.0
W,NX,31.0
OG,KT,40.0
RA,FZ,9.0
T,CL,32.0
YH,CC,33.0
RK,WF,38.0
JZ,HA,21.0
OD,H,34.0
MF,OZ,18.0
EJ,CM,31.0
PD,EO,47.0
CF,GN,43.0
TW,IR,25.0
QO,HD,15.0
LJ,IS,35.0
TI,CJ,46.0
GB,LG,23.0
KV,WP,41.0
UM,GN,50.0
V,IW,21.0
XH,GD,7.0
NO,RZ,39.0
QM,RU,15.0
RI,S,43.0
BL,NK,23.0
VJ,RR,41.0
QK,UR,7.0
QS,GN,18.0
SE,QI,44.0
CA,CP,39.0
NS,SK,11.0
FJ,SM,13.0
GB,UO,7.0
UZ,ER,7.0
HY,QK,24.0
MH,LR,22.0
GD,DH,29.0
GP,VH,43.0
OI,MC,18.0
DK,VJ,19.0
DN,CU,47.0
AR,DI,22.0
EL,QN,46.0
SQ,AD,2.0
QE,JN,48.0
MG,HR,10.0
WK,JL,25.0
UZ,NZ,16.0
HW,CS,19.0
HM,VE,1.0
PT,QW,38.0
LE,JY,18.0
CV,KA,40.0
DL,HW,27.0
TS,LV,21.0
MC,MK,8.0
S,KL,48.0
GL,BR,2.0
DB,HO,23.0
OE,BH,40.0
EY,MF,32.0
HZ,XM,50.0
QP,DL,32.0
HA,VH,34.0
KX,XH,39.0
YU,DL,15.0
KD,PH,41.0
FG,BH,12.0
LK,AW,18.0
RK,KJ,17.0
SY,XJ,6.0
NT,OS,38.0
WF,GA,2.0
KJ,BO,14.0
KF,VS,33.0
TS,QZ,1.0
BL,FS,37.0
JI,WI,35.0
RH,DO,14.0
IL,BS,42.0
WF,KR,50.0
XG,OQ,1.0
MQ,N,31.0
PK,DO,26.0
T,NJ,4.0
FX,MY,19.0
BP,KU,4.0
VB,YQ,45.0
JF,UE,18.0
EA,MY,28.0
GW,KZ,35.0
YW,PA,3.0
KN,UC,20.0
JB,AB,18.0
DA,CC,45.0
IM,YI,16.0
MX,EU,6.0
WF,YQ,33.0
CK,RS,7.0
PC,EC,1.0
FA,WW,6.0
UX,AJ,18.0
LW,YN,3.0
EE,CC,21.0
HA,AD,31.0
TU,SI,37.0
PR,NM,7.0
AQ,RX,26.0
RA,WB,30.0
FX,SC,23.0
US,CA,10.0
WH,CB,25.0
DF,YQ,44.0
YX,HF,34.0
VN,EH,21.0
WZ,OC,8.0
IH,LP,41.0
SI,LT,43.0
GY,QM,4.0
KL,GX,45.0
KT,LN,1.0
DI,FD,25.0
KY,FS,41.0
TE,CZ,44.0
GZ,FL,18.0
NI,SG,13.0
OR,HU,6.0
LZ,OI,10.0
LQ,VG,11.0
UC,VJ,27.0
JO,AX,37.0
LT,MQ,33.0
NT,HN,34.0
PF,ST,29.0
DQ,TB,41.0
GM,RC,42.0
CX,II,24.0
EI,VD,50.0
HE,TE,38.0
TR,VI,2.0
CN,IA,45.0
TL,SM,12.0
AJ,WA,22.0
WB,OV,25.0
GQ,BP,22.0
CX,EE,25.0
S,NB,48.0
EW,VW,3.0
BC,BH,6.0
HX,YI,25.0
LN,TC,44.0
SG,B,10.0
WT,VO,34.0
LL,NE,7.0
DY,MU,44.0
XE,GE,14.0
KN,MX,5.0
VV,VH,47.0
OA,RL,26.0
SA,KV,39.0
EX,O,50.0
M,BX,42.0
WF,RL,45.0
EF,EP,14.0
UD,NA,33.0
QA,J,46.0
QP,UA,45.0
PN,RQ,18.0
SM,YR,35.0
YV,IM,2.0
M,LF,18.0
TK,O,19.0
HK,FA,6.0
GW,IY,20.0
MM,LA,29.0
DD,LN,45.0
Y,UK,3.0
LS,BW,46.0
SM,UN,50.0
DA,IW,48.0
EU,EN,9.0
DP,US,7.0
XS,WH,1.0
MS,HD,6.0
KU,OA,16.0
AH,SD,16.0
SP,PK,23.0
ML,HA,17.0
QR,WH,21.0
SB,JC,26.0
PP,SM,46.0
GB,PZ,20.0
RJ,OD,40.0
MN,IU,18.0
YO,RR,7.0
RH,LI,24.0
YF,YP,35.0
KJ,WU,13.0
VG,EW,14.0
MQ,QC,39.0
UJ,PS,31.0
JG,LT,29.0
FD,GX,42.0
YE,ER,48.0
FK,LR,22.0
DB,CM,16.0
MG,DC,21.0
LJ,NY,16.0
BS,ST,2.0
QN,CR,12.0
PD,OL,9.0
FB,OL,20.0
DG,BI,34.0
JP,OD,2.0
US,JH,24.0
IW,DK,27.0
OD,WQ,27.0
TY,SX,10.0
QN,HI,18.0
WW,SS,30.0
ID,HO,49.0
NP,UZ,21.0
KF,QQ,41.0
JW,OT,6.0
RK,BD,6.0
YU,HR,10.0
EZ,AT,9.0
CT,MZ,5.0
DZ,VJ,32.0
BW,XV,25.0
VG,OR,30.0
GQ,DS,41.0
NX,BG,3.0
DL,DU,27.0
GZ,MS,42.0
XX,XE,30.0
DX,MZ,2.0
LU,RE,24.0
SU,HM,28.0
NV,BR,22.0
RX,IC,31.0
UW,HT,34.0
RR,QQ,46.0
WV,PF,4.0
CC,NI,7.0
UO,HU,15.0
XI,BP,26.0
HF,DQ,38.0
AE,YW,33.0
LJ,BP,37.0
FD,F,28.0
S,UI,32.0
FN,GQ,44.0
VJ,OS,8.0
WV,YN,36.0
CC,NV,21.0
WP,BP,17.0
KU,LM,36.0
BU,FB,46.0
OB,EJ,18.0
T,JH,45.0
IF,JK,42.0
QD,WG,33.0
QV,PN,2.0
BX,UD,28.0
VU,IQ,38.0
YX,CQ,8.0
MS,FC,48.0
BE,OB,2.0
LO,X,50.0
A,JH,40.0
WE,WD,28.0
BL,UG,23.0
LV,ER,3.0
AJ,QL,39.0
QL,HE,28.0
WD,CF,6.0
LS,JD,37.0
TS,ES,46.0
UL,FF,38.0
YU,AM,24.0
QE,LS,11.0
WH,LL,30.0
BK,UX,28.0
C,KD,21.0
JR,HU,32.0
OC,HH,31.0
CF,OJ,38.0
SY,UK,29.0
RV,JJ,47.0
SV,OQ,36.0
AB,VQ,41.0
UX,XS,50.0
VR,LQ,25.0
JM,OC,27.0
QA,VC,18.0
FT,QR,32.0
B,KU,44.0
XY,OX,23.0
CW,BE,44.0
XO,XK,41.0
NY,QR,17.0
PI,DM,48.0
WY,OH,27.0
QO,BQ,30.0
CJ,IE,14.0
RE,AX,4.0
NR,PD,24.0
NZ,JU,7.0
FN,L,20.0
EA,BE,12.0
QJ,DH,7.0
YS,XK,45.0
T,GG,27.0
FZ,V,50.0
FO,MT,7.0
VK,KP,26.0
RO,MZ,23.0
JO,GD,9.0
EN,YS,38.0
VO,PE,17.0
LB,KM,47.0
IX,EH,10.0
DI,YI,17.0
PP,NK,22.0
GX,VV,34.0
HA,BV,17.0
IG,Z,48.0
TR,IO,39.0
HM,CF,35.0
FW,CI,16.0
VF,LI,7.0
M,UC,4.0
SI,EQ,47.0
LF,NC,14.0
NN,EV,27.0
WT,Z,32.0
QE,EN,22.0
UY,PW,20.0
CS,AE,45.0
IE,NP,16.0
AM,Z,45.0
IQ,GW,25.0
EG,CY,33.0
RL,YU,27.0
DU,HF,17.0
MQ,QE,15.0
AZ,OS,28.0
UV,YZ,44.0
OM,AX,22.0
YS,GX,22.0
MI,EY,22.0
BF,AZ,44.0
HT,QU,40.0
HN,FD,23.0
PL,HT,28.0
MO,VG,8.0
XR,QK,23.0
XC,LR,49.0
WO,OE,12.0
IP,ME,40.0
PZ,JX,32.0
IM,AS,8.0
ID,HQ,2.0
KL,JP,36.0
I,FQ,13.0
OL,LU,35.0
YJ,XD,9.0
WX,DC,8.0
SC,MC,44.0
YG,LR,13.0
WD,OD,33.0
QV,FH,12.0
VO,HZ,4.0
MI,SX,21.0
SM,IG,4.0
TJ,OT,27.0
RQ,MF,45.0
BA,PE,8.0
UU,OW,24.0
DF,FR,49.0
RJ,BW,13.0
BD,WM,7.0
OH,MJ,18.0
BJ,MX,27.0
KW,IE,17.0
OV,YJ,32.0
IF,EI,6.0
QD,IJ,20.0
JT,RI,18.0
FJ,CD,13.0
BN,EN,8.0
LM,BW,18.0
HK,QA,9.0
GW,LD,17.0
UB,YE,28.0
MA,IR,35.0
EZ,TY,39.0
OI,AK,36.0
UD,PS,18.0
VA,WF,8.0
PQ,AI,28.0
VF,WT,38.0
KT,GN,40.0
KK,NL,27.0
OC,CF,43.0
BU,OL,11.0
RZ,YK,42.0
NO,QC,37.0
KW,WQ,42.0
QL,HG,20.0
QH,HI,46.0
ML,JS,26.0
KO,CP,37.0
KT,PV,12.0
CD,QV,25.0
IY,CS,41.0
SD,NO,12.0
ME,SK,22.0
J,UO,15.0
LF,QF,29.0
VG,QJ,20.0
WN,OJ,5.0
FR,OM,19.0
XR,SN,32.0
EY,FE,17.0
IQ,WY,10.0
TT,SC,48.0
HO,KI,8.0
MC,SV,35.0
IG,VF,16.0
JF,DI,44.0
N,UZ,38.0
L,HY,50.0
QL,VF,48.0
GC,FE,30.0
HO,OZ,42.0
G,KQ,5.0
NR,FX,50.0
MP,MI,28.0
IW,GC,9.0
CV,QY,44.0
XL,QE,50.0
NW,OZ,19.0
CS,VK,28.0
RR,OE,32.0
JM,SV,5.0
NE,HP,24.0
LU,KO,35.0
QR,MD,21.0
EH,BJ,22.0
BQ,GI,6.0
EY,OZ,33.0
KJ,DV,8.0
UP,IK,26.0
DY,MY,30.0
PB,IC,2.0
XI,DU,41.0
JY,XW,38.0
UI,RC,32.0
FH,MS,48.0
IZ,BM,28.0
MR,TG,2.0
OL,XS,25.0
PC,BF,40.0
TW,MO,29.0
NS,EE,46.0
CX,NQ,5.0
UW,TG,49.0
AA,GY,50.0
QY,IP,27.0
CY,GT,25.0
FL,VY,41.0
FJ,IX,47.0
VC,GO,50.0
FI,AG,42.0
OY,FY,25.0
PV,CF,47.0
RE,TP,48.0
KB,RV,37.0
EF,OB,15.0
TW,RS,14.0
IE,RV,7.0
SD,GJ,22.0
JI,CY,34.0
O,QJ,35.0
QO,UV,2.0
YC,IQ,9.0
DZ,HB,8.0
QH,NP,36.0
IN,GT,26.0
QU,CL,23.0
DK,VC,37.0
QT,WU,45.0
BU,VF,33.0
TX,PM,44.0
GL,AX,48.0
SF,CO,8.0
IA,WO,16.0
RE,YT,49.0
QC,MD,24.0
FQ,XM,50.0
IP,CY,30.0
SI,JW,44.0
IZ,UP,6.0
QX,XF,2.0
VZ,UK,8.0
TG,CJ,48.0
JU,WW,41.0
LJ,OC,31.0
TC,NS,17.0
LH,JW,47.0
KT,NU,19.0
MI,FA,2.0
GM,KB,31.0
RO,FJ,34.0
YQ,SR,37.0
PL,A,26.0
VT,LZ,32.0
KO,OA,45.0
GN,DE,18.0
TY,TB,31.0
S,OV,35.0
XX,WV,50.0
FM,DW,9.0
SX,JU,10.0
NF,ID,41.0
KJ,BH,33.0
CB,FT,20.0
QD,HY,23.0
VF,DS,24.0
LR,BF,34.0
TP,FG,39.0
JF,KP,47.0
TZ,MR,22.0
MH,B,2.0
XZ,OW,42.0
LU,RI,23.0
DQ,VV,30.0
OA,PB,39.0
BV,RN,38.0
YG,VB,49.0
VE,BD,7.0
IB,YO,49.0
VY,OY,5.0
VB,PO,47.0
RU,BL,25.0
NA,IW,4.0
PI,KV,40.0
IH,KV,3.0
EK,YT,46.0
SY,BL,38.0
WS,NF,27.0
IN,O,18.0
RX,NK,9.0
TP,XW,45.0
BB,NN,47.0
PM,Z,19.0
LO,IJ,33.0
FB,GX,36.0
DD,WP,50.0
FO,YT,2.0
AX,NP,20.0
SS,UI,30.0
NA,OA,46.0
FW,NV,25.0
JR,CU,45.0
JW,HF,48.0
KX,LE,11.0
DQ,EV,28.0
EO,SO,27.0
QJ,YP,33.0
BI,JZ,8.0
WH,CH,13.0
AE,ME,28.0
IX,UY,11.0
KT,LG,12.0
OL,AA,36.0
AD,EY,7.0
EX,QH,45.0
FK,NY,43.0
E,LO,25.0
WY,EQ,37.0
AW,KC,5.0
ME,SM,5.0
IU,WY,8.0
PM,SP,48.0
GX,HA,24.0
OX,NW,28.0
UW,AF,46.0
WN,XG,19.0
YE,HL,13.0
MN,QF,10.0
QN,SK,16.0
MH,XI,34.0
WW,UZ,18.0
EI,UW,43.0
FH,CZ,39.0
PS,UU,44.0
VW,KD,37.0
KE,BL,24.0
QP,FU,4.0
PJ,XO,1.0
IP,XR,40.0
P,RG,47.0
NV,H,25.0
IV,FH,1.0
GJ,OR,38.0
WH,QT,48.0
NY,QV,33.0
KQ,PH,9.0
FG,DQ,22.0
PY,BM,24.0
CJ,RD,49.0
DG,WF,49.0
HU,VX,45.0
LC,WA,32.0
CK,KG,17.0
AC,M,38.0
Y,TQ,29.0
PG,VK,5.0
OE,IU,30.0
MX,KU,50.0
BB,GI,34.0
BU,GV,23.0
BZ,UB,16.0
YF,KJ,49.0
QJ,IC,39.0
OL,XU,35.0
SG,MT,6.0
AZ,JF,20.0
EH,KT,13.0
CX,NS,19.0
NZ,KL,16.0
CI,IZ,46.0
OU,LH,37.0
EC,CE,36.0
LM,X,44.0
DK,QA,34.0
TK,MT,34.0
JA,SC,10.0
SW,GL,41.0
TU,UE,47.0
SN,EO,3.0
BW,JC,10.0
GQ,UL,47.0
TD,CK,6.0
BL,NF,11.0
AS,CM,1.0
OE,WT,36.0
HO,CS,29.0
LK,RR,36.0
VL,JA,48.0
YM,UH,12.0
JJ,UM,1.0
RJ,SN,14.0
SD,GL,6.0
JE,XE,47.0
CK,YS,27.0
JC,UJ,42.0
IJ,AV,32.0
LN,CI,49.0
RI,IV,6.0
UJ,UC,32.0
UX,HJ,39.0
BO,CN,9.0
JM,GO,24.0
XV,PZ,34.0
CJ,EU,14.0
QE,SD,11.0
LF,NT,46.0
VB,AR,29.0
MO,UX,7.0
TQ,FF,24.0
CM,UX,41.0
SL,AE,22.0
CA,HO,26.0
MZ,WW,35.0
F,XW,1.0
DT,XO,21.0
DI,HM,47.0
JM,HB,35.0
DL,HR,32.0
BM,OS,4.0
TP,AE,15.0
SF,DD,16.0
QH,SV,1.0
TD,QW,25.0
KL,NX,4.0
PA,MA,41.0
C,RB,6.0
CU,FV,42.0
UZ,XC,43.0
DK,DR,38.0
CF,VH,22.0
GX,JQ,25.0
CN,FS,48.0
QP,HX,28.0
EB,RH,22.0
TE,OQ,17.0
VH,DJ,40.0
SV,VO,34.0
BB,D,37.0
WC,OL,37.0
QG,KR,11.0
DI,MQ,18.0
YV,BA,31.0
NX,KH,22.0
SR,VQ,7.0
FF,RH,48.0
GU,IN,33.0
DP,RK,45.0
KU,KS,25.0
JE,CA,48.0
SE,Q,16.0
UP,KP,31.0
K,PL,22.0
MT,N,15.0
RE,A,6.0
PL,RS,24.0
FM,RX,19.0
CB,PD,45.0
KI,CA,1.0
OO,RH,8.0
UX,R,33.0
YM,IL,22.0
KP,RA,17.0
BU,NP,9.0
RW,YN,19.0
FK,O,10.0
CC,SF,31.0
UJ,IG,33.0
CI,PT,2.0
LI,NJ,15.0
GD,ES,20.0
HX,JE,36.0
BC,WG,40.0
V,PL,5.0
QT,GW,12.0
FU,RS,14.0
XU,UI,9.0
LY,PW,38.0
TM,CG,4.0
SU,RN,19.0
YY,PR,9.0
AJ,HJ,12.0
XN,UF,2.0
UK,WB,26.0
VZ,WC,4.0
EN,FI,4.0
NS,QE,25.0
KD,HK,25.0
II,EN,32.0
VI,EI,8.0
ME,SB,4.0
OF,CO,49.0
YY,QE,3.0
HG,FJ,6.0
ME,WS,22.0
EJ,KB,29.0
ER,DH,50.0
GT,WP,43.0
DX,OI,24.0
IN,SG,19.0
BF,MB,12.0
JD,HH,31.0
RO,HO,41.0
FW,TB,24.0
GS,JU,8.0
SJ,BA,49.0
QN,SM,20.0
GZ,OO,21.0
SV,TA,35.0
NI,SO,8.0
FE,VQ,36.0
BT,SW,36.0
HR,FJ,13.0
UL,XO,43.0
IU,XN,36.0
OE,DS,45.0
TB,FH,30.0
PA,XL,35.0
VV,QL,50.0
QD,KD,41.0
BH,SZ,10.0
DK,GH,50.0
W,WC,11.0
QF,DC,44.0
IW,TS,46.0
IZ,BD,43.0
DN,XV,4.0
RA,FJ,48.0
JR,VZ,40.0
TI,FX,46.0
QI,TF,44.0
EZ,MK,34.0
LR,G,26.0
PL,TV,26.0
NY,VO,12.0
CG,VR,9.0
AJ,EI,19.0
ND,XY,29.0
EZ,RB,35.0
QF,MK,39.0
XK,FS,5.0
LF,IE,20.0
MD,VX,2.0
NX,RO,23.0
NM,VR,22.0
ER,SG,27.0
MX,PN,46.0
MS,CH,25.0
QN,BM,38.0
HV,R,22.0
CI,WN,8.0
SA,PU,33.0
OE,SE,18.0
MV,RJ,34.0
ET,YR,43.0
TH,HB,34.0
FP,UB,18.0
K,XF,22.0
QL,NR,32.0
MI,AA,29.0
VN,KW,3.0
ME,UE,19.0
U,OB,35.0
Z,HF,28.0
HZ,OB,41.0
KT,SC,9.0
PS,NR,45.0
VN,UE,24.0
DH,XG,47.0
VT,HM,42.0
WF,AT,40.0
KO,JN,34.0
CM,QV,50.0
OV,KD,31.0
TX,YY,16.0
EJ,VM,21.0
FK,QQ,36.0
SV,MI,17.0
XX,SI,9.0
OE,BE,32.0
MG,QW,33.0
R,DC,26.0
ID,DF,22.0
AR,IJ,46.0
S,OZ,37.0
X,TK,27.0
AY,OO,33.0
RW,XP,6.0
CQ,OU,24.0
OZ,IC,35.0
KF,QY,25.0
UB,OC,32.0
F,BU,49.0
DS,YH,48.0
QW,WZ,45.0
BM,PH,39.0
SU,LY,24.0
MF,HR,32.0
FV,GK,34.0
NY,XR,16.0
A,IC,7.0
LP,NB,50.0
WE,MD,48.0
YM,MR,28.0
HM,K,10.0
FD,A,29.0
DF,OS,4.0
OF,TQ,23.0
WF,YA,10.0
FG,PD,21.0
TA,YC,48.0
VZ,DO,30.0
XO,DP,14.0
BQ,RX,18.0
YX,BY,13.0
HY,NG,14.0
FG,KZ,7.0
BW,GQ,32.0
HR,VY,15.0
BL,KT,37.0
HI,UB,5.0
IE,KU,25.0
XP,MT,18.0
VM,PF,32.0
XU,PT,28.0
LK,PF,29.0
F,QG,4.0
IS,LN,3.0
EX,LH,29.0
UV,WE,41.0
JS,SF,43.0
JC,RX,43.0
IA,PN,4.0
TC,KV,47.0
IQ,NJ,27.0
JD,CF,8.0
OP,PQ,35.0
WD,CA,5.0
SH,EK,22.0
KM,AO,42.0
TR,LK,3.0
AP,NU,49.0
KK,WM,33.0
QF,UE,45.0
WA,FB,45.0
EN,SW,28.0
AY,CS,14.0
TL,EK,29.0
ET,AM,21.0
OD,PT,18.0
NB,LY,14.0
RK,HF,27.0
OK,LS,42.0
KL,LL,48.0
DX,OK,21.0
KL,CQ,46.0
LC,HS,30.0
PE,OD,26.0
RP,QH,16.0
BE,XR,13.0
RM,EV,50.0
ML,XK,40.0
RI,YZ,31.0
TZ,JU,36.0
WV,HV,17.0
AB,MQ,40.0
WK,LY,20.0
BT,OH,5.0
NB,VG,35.0
JA,D,15.0
JK,QU,16.0
I,QU,18.0
FM,GD,32.0
GQ,BM,28.0
EJ,YC,17.0
SQ,UT,21.0
RX,KA,9.0
KC,HP,46.0
UI,DJ,14.0
Y,TH,10.0
NE,DE,1.0
TS,SZ,35.0
KE,PB,10.0
IX,IG,35.0
IH,D,4.0
UI,IA,39.0
YI,KF,7.0
VR,QP,12.0
OL,XL,34.0
UB,QS,8.0
YK,DE,25.0
MK,RL,47.0
QQ,DS,10.0
BB,BV,32.0
FV,NE,3.0
EY,YA,17.0
RQ,KK,30.0
WE,SX,23.0
ER,WM,41.0
PU,RQ,16.0
TO,IE,2.0
VM,MR,16.0
JL,TS,43.0
QD,PJ,27.0
QQ,NA,27.0
LI,YJ,32.0
MJ,TN,31.0
CL,SD,46.0
PI,RT,15.0
LK,RI,12.0
WK,P,29.0
VF,PU,11.0
DH,NN,35.0
XF,BW,15.0
QS,KQ,42.0
OG,UA,22.0
ES,QC,3.0
MQ,UD,9.0
MT,UI,1.0
HJ,IR,14.0
TX,GK,41.0
YG,BR,20.0
AV,ST,21.0
TR,NN,11.0
DZ,LL,36.0
SP,TY,2.0
I,AH,9.0
HB,X,30.0
XW,UD,33.0
IV,YO,22.0
EU,NS,34.0
WO,ER,8.0
QS,TY,47.0
CS,JH,40.0
TY,WY,38.0
PJ,QA,48.0
DV,YZ,11.0
OT,GX,45.0
CJ,EY,7.0
FK,HK,36.0
WI,RW,37.0
XX,RX,13.0
MO,VB,33.0
UK,CC,41.0
NB,SS,30.0
VS,XG,9.0
HW,LM,37.0
VV,ER,50.0
IU,QK,8.0
TJ,OB,10.0
AL,QM,42.0
TM,OG,21.0
KD,OT,37.0
BA,FR,35.0
RK,JV,3.0
MF,CP,47.0
YZ,UU,5.0
DG,KN,27.0
DE,QN,42.0
SU,CS,26.0
VQ,AT,12.0
VV,FE,22.0
UO,HE,23.0
EW,XW,49.0
UR,HJ,21.0
MG,VP,41.0
NK,QY,39.0
RC,FS,42.0
NB,XW,47.0
FL,FR,25.0
KC,OJ,37.0
CL,GH,21.0
VO,IH,43.0
UP,OX,37.0
ND,VM,34.0
EZ,FU,34.0
IW,RT,50.0
LC,PM,50.0
YQ,BK,1.0
CB,KQ,5.0
KI,GI,16.0
WE,MF,30.0
K,PP,36.0
GG,RG,12.0
OY,HU,14.0
VA,VN,46.0
WN,IN,43.0
FX,MX,4.0
QM,KO,24.0
CX,YU,29.0
BT,K,6.0
BP,KT,49.0
MX,IX,49.0
VJ,TG,8.0
UV,MY,46.0
RN,AD,38.0
GV,V,39.0
MH,NG,3.0
HM,NL,4.0
FA,WV,20.0
VW,AB,29.0
JA,QF,12.0
FQ,UR,34.0
WT,GO,44.0
PO,KU,34.0
TI,WO,38.0
YE,GR,49.0
IG,LS,46.0
KV,CN,2.0
PG,CA,31.0
SC,AB,11.0
NI,RS,2.0
DJ,RX,7.0
WX,EN,16.0
PJ,JI,22.0
QC,SQ,17.0
OC,CN,50.0
QW,GO,6.0
PU,CT,32.0
HZ,QG,44.0
XW,WT,12.0
GS,JL,5.0
GH,DI,20.0
QS,WO,12.0
DU,OH,25.0
PV,XE,20.0
WQ,JB,50.0
TD,OM,16.0
QR,CQ,16.0
RP,QJ,36.0
KQ,TE,21.0
FD,SS,6.0
PS,QJ,31.0
Y,KB,31.0
DB,OH,45.0
FR,TL,50.0
YM,FO,17.0
HD,IA,17.0
CJ,QW,27.0
MC,XU,48.0
FV,MT,28.0
RQ,JZ,7.0
RA,JR,25.0
RH,FQ,40.0
FV,IP,36.0
YI,KH,12.0
DD,PD,20.0
YM,GB,18.0
FW,BS,1.0
KV,RM,27.0
UW,TB,32.0
IW,YN,34.0
SJ,TU,25.0
GF,L,45.0
UX,BY,49.0
IN,BK,23.0
OA,WB,26.0
XM,IR,39.0
MH,KS,15.0
AQ,KR,7.0
AV,NR,13.0
JL,TU,40.0
MY,YI,30.0
KK,BX,43.0
JK,W,12.0
SO,CB,33.0
CG,R,12.0
OC,ED,11.0
UQ,LD,31.0
YQ,NI,18.0
KN,WR,29.0
UX,PX,2.0
GB,YT,1.0
AE,FF,20.0
JD,EK,10.0
HY,UP,48.0
LT,JO,23.0
PV,PZ,19.0
IW,CW,27.0
DE,LL,44.0
DE,CQ,32.0
QC,QP,37.0
GM,SR,45.0
NW,QK,30.0
XX,RZ,43.0
DR,EY,42.0
XH,YU,43.0
KX,WV,12.0
ME,UV,48.0
QP,HQ,17.0
S,TH,31.0
RO,FR,5.0
QF,EW,21.0
LE,XL,30.0
WH,SP,32.0
DR,OG,45.0
OR,TE,1.0
PS,XD,50.0
VZ,CS,40.0
DF,AX,50.0
UR,HL,32.0
MP,OT,23.0
JH,ME,13.0
OZ,IG,32.0
DI,RA,11.0
HM,B,19.0
PK,DC,49.0
KE,IL,2.0
IM,FT,6.0
QY,OR,27.0
AC,FZ,27.0
XG,KA,22.0
XW,B,31.0
DY,KS,44.0
DP,RQ,5.0
TP,OJ,33.0
YT,MY,49.0
TG,VH,35.0
UF,MF,32.0
JH,VM,34.0
TI,MV,47.0
EV,EN,29.0
SN,PF,32.0
FU,VP,47.0
KN,PM,37.0
PT,X,18.0
TH,AA,8.0
BB,NI,34.0
FO,YO,13.0
QD,WF,44.0
EU,PK,5.0
LY,UG,21.0
AY,GN,37.0
YC,KO,27.0
PQ,AF,18.0
QR,YJ,23.0
VE,YF,35.0
DC,HD,13.0
KR,SC,10.0
IA,YM,44.0
WQ,DZ,1.0
DG,CX,50.0
JK,CM,7.0
FM,AQ,40.0
SX,GO,31.0
XM,UP,28.0
WR,HB,22.0
HE,JK,2.0
IE,YX,25.0
LU,AQ,32.0
EE,LL,46.0
QW,GQ,46.0
XK,WL,11.0
GF,LW,20.0
OZ,FF,27.0
VW,FH,17.0
UZ,QD,38.0
WA,JW,39.0
G,OR,44.0
WR,QJ,42.0
XE,FF,37.0
AP,XG,40.0
HL,XM,20.0
BY,VP,29.0
PM,SX,34.0
CJ,HQ,39.0
DP,FU,22.0
FO,MF,42.0
QR,HJ,11.0
E,VE,35.0
PZ,VF,4.0
XG,HM,50.0
MZ,DB,50.0
VZ,AR,30.0
VJ,QH,5.0
IT,DV,16.0
NS,K,7.0
MQ,FV,48.0
NJ,GI,7.0
MH,BM,36.0
KA,YC,19.0
FJ,ED,43.0
SA,TR,36.0
YO,QS,27.0
BU,LH,34.0
JN,KX,9.0
XP,ON,31.0
TI,KU,45.0
JA,RX,11.0
ME,KP,13.0
PW,TO,10.0
DH,EJ,29.0
UT,CC,23.0
GB,YI,8.0
PU,WL,19.0
SD,KK,5.0
FY,EB,5.0
WN,LF,9.0
BW,NO,3.0
PQ,CI,12.0
AG,NR,43.0
KF,CF,7.0
BY,FC,39.0
WI,MW,47.0
RT,YS,23.0
NU,PQ,14.0
TB,YQ,20.0
OF,JB,32.0
O,MC,4.0
YQ,JG,43.0
LN,GU,6.0
RD,AB,9.0
UJ,PT,24.0
YN,GP,36.0
GE,AR,37.0
JD,RY,17.0
GG,CL,32.0
VP,LL,11.0
IW,HP,26.0
DT,XJ,33.0
DN,LS,13.0
CZ,OF,49.0
HO,MI,14.0
WT,WS,50.0
UA,AN,13.0
WH,OA,42.0
SJ,ME,15.0
CU,KH,50.0
OC,SR,8.0
VQ,FB,47.0
TS,LY,35.0
KQ,RF,9.0
RC,BF,49.0
GM,XX,7.0
EU,BA,44.0
YL,TH,30.0
NZ,DB,18.0
OJ,TH,36.0
NA,L,46.0
QG,XY,33.0
AV,KS,16.0
DD,MR,14.0
YM,MK,20.0
HK,CA,33.0
MD,OY,22.0
T,MZ,49.0
IY,XV,31.0
RX,MU,15.0
ED,YA,16.0
GL,YO,38.0
KY,R,44.0
H,IL,50.0
WG,G,8.0
RH,DR,25.0
TU,RL,6.0
IL,KQ,17.0
SE,RO,21.0
GD,W,24.0
QO,RR,7.0
GK,GB,2.0
KT,BI,49.0
OI,W,12.0
GX,XX,47.0
BP,PB,44.0
JW,BY,13.0
HF,II,8.0
AN,CL,26.0
CA,R,44.0
CF,EC,30.0
FB,CD,39.0
SU,VM,22.0
UJ,MS,9.0
JO,WE,23.0
C,EN,18.0
GR,PM,21.0
IU,EF,23.0
AV,UN,32.0
HX,EV,3.0
YQ,KW,32.0
VZ,RG,23.0
GT,IL,43.0
YS,DV,19.0
WP,GH,22.0
UD,YM,5.0
JQ,P,44.0
LO,MX,39.0
MU,LB,45.0
NS,PZ,11.0
PY,NS,45.0
Q,LI,32.0
IH,PW,11.0
HO,FD,44.0
MM,WM,34.0
UT,SE,19.0
KM,EY,27.0
SP,WF,8.0
TC,LB,10.0
PX,TY,16.0
IP,EY,18.0
WI,PM,1.0
TM,HF,20.0
PT,SP,32.0
PF,WN,42.0
OD,UD,20.0
NP,WQ,35.0
EP,QF,1.0
CH,FL,20.0
DI,JK,40.0
B,FR,20.0
QN,NQ,48.0
KC,GV,45.0
PB,CK,21.0
YU,JI,37.0
DZ,XA,7.0
PO,UG,42.0
RI,PX,20.0
DX,JZ,12.0
QU,JP,21.0
WF,HG,10.0
RF,DA,41.0
GX,LO,15.0
M,FE,26.0
NQ,LP,39.0
GW,CX,17.0
MR,JK,15.0
OL,NW,14.0
WJ,HR,41.0
BV,KF,22.0
HE,XL,46.0
UN,QI,32.0
FV,MK,45.0
RD,LZ,31.0
WY,SM,20.0
YV,CY,1.0
SU,EZ,16.0
WA,TG,12.0
KH,OZ,32.0
AQ,BA,3.0
JH,OJ,30.0
XL,UU,21.0
XT,FF,9.0
QI,TA,43.0
UA,HU,32.0
LW,VC,44.0
UI,VF,33.0
LD,BO,35.0
LI,OU,35.0
MB,PH,20.0
WV,RJ,50.0
JS,GC,28.0
SR,YB,18.0
QQ,IC,32.0
WG,KE,38.0
DV,KG,32.0
YR,MI,37.0
UC,DZ,24.0
JV,TT,34.0
WI,DD,8.0
VG,I,34.0
EH,KQ,48.0
TK,HZ,18.0
RC,ND,43.0
VZ,OS,30.0
XI,NB,30.0
EZ,RJ,25.0
JF,WK,43.0
PZ,Q,50.0
GA,V,1.0
PK,PC,13.0
IS,JF,45.0
AW,GY,33.0
HA,GN,36.0
MJ,TT,43.0
PO,IK,12.0
YV,NG,3.0
SB,NJ,2.0
HZ,EO,19.0
XD,KO,38.0
YJ,IS,40.0
CO,EL,4.0
WI,VT,2.0
IL,NT,1.0
IO,WT,8.0
AS,LR,26.0
BO,CK,12.0
CR,UO,8.0
TA,AD,38.0
CO,JC,16.0
NI,TZ,23.0
YC,WB,36.0
UN,NH,1.0
CN,AL,17.0
EC,UR,41.0
AH,AG,4.0
CD,SX,40.0
BV,DA,12.0
CT,QT,12.0
NQ,AG,14.0
KZ,FF,5.0
IW,HR,47.0
MW,JW,28.0
GC,LK,23.0
CD,XO,41.0
EJ,VH,2.0
KV,OC,28.0
DH,SX,16.0
BV,HR,38.0
OT,UP,14.0
KS,JT,41.0
WM,UF,44.0
B,IH,34.0
WQ,PZ,12.0
MB,IC,7.0
BJ,HU,22.0
RV,QE,46.0
PP,FT,4.0
R,MF,33.0
OM,XS,35.0
EA,HM,26.0
RC,KC,30.0
TA,OP,21.0
AR,RM,39.0
JZ,N,47.0
NL,FQ,43.0
VE,FG,13.0
TG,UY,16.0
KZ,PA,5.0
OM,TO,8.0
HG,RP,5.0
KW,MJ,17.0
TD,G,42.0
QF,OI,11.0
KU,GL,42.0
MD,XV,13.0
RF,TP,3.0
UX,O,31.0
EZ,OV,27.0
AN,GR,44.0
GW,TM,29.0
LQ,BV,47.0
IL,BX,2.0
KR,IL,41.0
UR,VO,49.0
JO,RP,39.0
LD,RQ,36.0
UZ,FZ,39.0
VX,TS,8.0
AN,CN,30.0
XP,VJ,36.0
TW,PD,2.0
EC,IV,3.0
HZ,KV,22.0
QZ,IL,21.0
LD,NM,13.0
UV,VZ,25.0
CO,BX,8.0
A,RS,3.0
PC,IL,50.0
LE,GP,35.0
GW,YQ,37.0
CA,JB,39.0
QE,PM,48.0
AT,CG,39.0
JC,WJ,44.0
IW,AM,18.0
JX,EL,49.0
YN,ED,18.0
FC,YV,36.0
OY,VZ,16.0
DH,UN,27.0
JY,RT,28.0
MO,OC,39.0
KO,GU,13.0
Y,AM,12.0
LZ,SE,42.0
DS,MG,1.0
LO,NM,24.0
MR,IZ,10.0
JV,AS,45.0
FF,OD,7.0
GM,MD,40.0
GX,PU,45.0
JK,UT,12.0
RQ,JF,1.0
MO,XK,41.0
UG,OJ,49.0
OE,HT,21.0
LH,VG,37.0
OC,UW,20.0
HW,JR,7.0
PZ,QS,41.0
JT,OI,26.0
TP,CR,32.0
M,BC,34.0
KG,LZ,12.0
DL,XQ,32.0
AZ,EA,36.0
RP,VG,13.0
EM,JZ,30.0
JF,VM,46.0
TB,BA,1.0
RZ,HL,44.0
PI,DP,5.0
GN,KK,23.0
YP,FZ,30.0
OX,XQ,37.0
DG,WE,27.0
DM,DU,41.0
FG,IG,48.0
DD,KS,30.0
HV,B,50.0
WE,SS,50.0
EH,OW,3.0
MT,OZ,40.0
UZ,DL,10.0
YR,MK,3.0
FB,IM,41.0
DD,YE,47.0
NS,NA,22.0
AU,OZ,14.0
GK,IG,8.0
JZ,PP,1.0
MT,KV,29.0
MN,HZ,27.0
OG,PE,41.0
EC,KY,2.0
TQ,EE,26.0
XN,RO,21.0
JS,UD,17.0
CY,UG,31.0
FZ,WS,21.0
WV,Y,42.0
NY,DY,28.0
SX,N,47.0
PS,IK,47.0
AM,P,27.0
UM,KY,20.0
TB,YH,35.0
VE,NA,3.0
HJ,ND,13.0
GM,NT,43.0
VB,EU,23.0
RW,EW,26.0
V,WP,35.0
YX,SI,18.0
CZ,FB,23.0
PH,LP,29.0
VY,AA,34.0
RD,JA,39.0
OR,SK,46.0
QC,UZ,30.0
LU,CX,19.0
NW,LZ,45.0
RD,NR,32.0
I,OB,4.0
TT,UG,26.0
VV,JD,33.0
PB,AL,43.0
DP,MF,40.0
PQ,VC,20.0
JV,DI,2.0
AZ,BM,42.0
DC,TF,29.0
IV,CS,35.0
KA,MK,11.0
QR,JQ,13.0
CX,TL,3.0
HI,SY,41.0
H,DL,24.0
VM,OC,1.0
AM,XJ,21.0
RY,VC,9.0
P,XZ,26.0
VK,QZ,4.0
MR,QT,26.0
HM,IC,26.0
JL,QZ,32.0
NR,WA,19.0
CR,IH,24.0
DS,CA,3.0
WV,YF,29.0
EA,QW,47.0
NA,NB,15.0
RQ,QZ,2.0
NE,TB,45.0
VG,BN,21.0
TI,IK,25.0
RH,MQ,15.0
XY,Q,3.0
RA,VI,23.0
JK,BS,19.0
AG,PL,29.0
DF,PC,50.0
LQ,GO,20.0
II,DZ,8.0
CR,NL,19.0
IB,CL,50.0
XF,IL,5.0
OK,GL,5.0
HV,KZ,5.0
LJ,TX,22.0
CM,NR,7.0
EG,JI,44.0
CO,PL,8.0
QN,IQ,36.0
HV,PQ,35.0
XJ,AB,46.0
SB,UF,21.0
HU,GZ,28.0
YS,IQ,44.0
GH,HH,12.0
WO,CL,36.0
KQ,JR,19.0
NK,EX,26.0
HL,JT,2.0
EE,YQ,24.0
LZ,JL,22.0
TO,UK,41.0
NR,AW,42.0
QE,QB,30.0
TG,EN,19.0
L,HO,2.0
MD,CT,48.0
AR,ON,34.0
DN,NZ,36.0
JD,QB,29.0
WO,LT,14.0
VK,JU,39.0
OH,JL,34.0
QP,JZ,31.0
MT,BC,41.0
YB,JM,11.0
JT,XF,8.0
NQ,QK,28.0
PR,AX,41.0
CL,IF,20.0
UH,DK,48.0
FL,VB,23.0
XG,LW,23.0
DI,XN,36.0
LG,ST,26.0
NJ,OW,15.0
PK,AU,46.0
ER,VW,49.0
RO,MR,41.0
MB,TP,5.0
QB,XF,17.0
NF,OY,26.0
QO,KQ,20.0
TI,FW,47.0
PH,YA,47.0
IE,MH,28.0
MY,OV,21.0
AO,MW,11.0
LQ,J,39.0
BA,WB,39.0
TW,QV,30.0
SP,KA,39.0
LJ,G,5.0
UA,MP,22.0
CM,BV,39.0
ON,KS,6.0
XV,BO,28.0
KG,RF,15.0
TO,IB,9.0
EC,GJ,15.0
RI,B,13.0
IL,RO,32.0
WR,P,16.0
J,II,8.0
FB,EK,22.0
MQ,PJ,30.0
OA,WJ,7.0
AE,AJ,27.0
KY,LG,15.0
QC,LG,16.0
HO,GX,39.0
OY,OW,33.0
GI,PW,44.0
XS,K,24.0
OM,AC,38.0
WG,PM,46.0
EQ,RV,21.0
WP,WA,3.0
NB,JH,19.0
NX,AA,3.0
JR,EY,22.0
JW,SE,17.0
UL,PV,22.0
DV,UF,15.0
FK,LL,48.0
TO,RW,44.0
UW,BW,22.0
GF,WN,3.0
F,XK,20.0
AS,LV,1.0
HJ,RW,42.0
XZ,ER,42.0
XQ,CU,46.0
QT,WX,1.0
NR,CZ,47.0
JT,CO,49.0
VG,WT,26.0
UE,UJ,15.0
II,PX,39.0
RX,CS,17.0
JY,UL,46.0
TG,LH,7.0
PE,UU,1.0
XC,YV,38.0
LB,HD,43.0
OQ,FR,39.0
NH,EW,7.0
YK,AA,17.0
UV,HE,14.0
WF,OE,47.0
BJ,DH,9.0
MR,LR,25.0
GB,HO,25.0
YG,YV,33.0
FQ,BL,41.0
JU,AV,13.0
JO,QT,10.0
CI,FZ,47.0
WQ,UU,8.0
RV,UZ,44.0
EB,VZ,38.0
FJ,FZ,40.0
XD,HE,22.0
OW,KB,19.0
EX,BL,41.0
VE,FK,22.0
CG,XT,22.0
IK,VX,17.0
PY,IH,3.0
YY,FX,35.0
OY,HR,36.0
FY,BG,19.0
ID,VU,33.0
NI,HU,8.0
KR,DY,22.0
SG,OX,36.0
IX,YF,39.0
FV,YM,7.0
RZ,XP,7.0
PR,MV,8.0
OU,WG,35.0
UY,VV,13.0
LT,CE,18.0
MU,GD,1.0
BY,GY,42.0
RO,YP,10.0
VJ,XU,44.0
EN,EW,11.0
XD,QZ,37.0
KO,BU,25.0
WB,EJ,17.0
XH,MT,21.0
VZ,RM,19.0
FR,EW,15.0
GS,IV,32.0
BQ,XA,19.0
BK,LJ,15.0
RY,EE,27.0
SW,RX,3.0
KB,YS,17.0
JT,AA,25.0
HH,JK,12.0
YS,RN,2.0
CZ,QB,7.0
PR,WQ,22.0
MG,JQ,14.0
OD,YN,43.0
HZ,QD,32.0
L,LU,8.0
HL,SQ,31.0
XZ,CQ,49.0
WB,SI,28.0
LG,JA,21.0
HR,AG,42.0
JD,LM,46.0
RY,ER,7.0
U,UU,35.0
EM,JD,13.0
OF,QB,26.0
GW,CQ,19.0
DI,JQ,44.0
CG,QB,17.0
GH,HW,18.0
PZ,QJ,14.0
SV,OK,39.0
NF,JW,17.0
GS,SQ,10.0
CJ,UX,48.0
XW,AM,27.0
BQ,BJ,43.0
JT,SQ,13.0
GE,QZ,29.0
PV,AX,48.0
CG,QO,42.0
YM,FL,10.0
PP,F,11.0
UI,UY,17.0
DH,A,14.0
EB,YC,47.0
WS,FQ,27.0
UY,FV,48.0
WX,XN,35.0
GP,CC,28.0
KP,ON,14.0
AF,TW,48.0
BU,LC,22.0
NA,PG,7.0
VG,DS,45.0
KD,T,9.0
WP,DM,9.0
YO,VE,31.0
TK,MJ,25.0
FV,RU,25.0
PI,VW,18.0
Q,IN,6.0
IU,KS,39.0
OY,KH,8.0
PR,KU,38.0
UT,GO,1.0
CF,GL,21.0
JY,GB,37.0
WS,YG,24.0
NN,EP,43.0
IN,TK,37.0
RI,DU,6.0
AS,GT,27.0
DA,IS,12.0
BK,RQ,18.0
OV,EN,37.0
SN,WH,5.0
LA,NC,38.0
DU,LD,7.0
ST,DX,47.0
DJ,GL,35.0
TF,NC,11.0
AL,UC,39.0
GD,QE,49.0
AQ,YN,30.0
DB,GM,35.0
AU,UH,49.0
DX,HE,30.0
PF,PO,20.0
WB,PU,34.0
VS,WS,31.0
HO,HM,34.0
AI,PT,40.0
WO,NL,9.0
DH,WU,2.0
TO,RY,35.0
GZ,CT,48.0
PQ,QC,9.0
GT,UC,46.0
TL,PH,13.0
CV,SG,12.0
YN,LB,50.0
XM,XA,17.0
CT,VD,38.0
LF,WR,10.0
DX,QM,15.0
OM,FI,33.0
JW,ST,46.0
VT,QI,46.0
YN,UJ,1.0
HG,IA,44.0
GV,UY,9.0
RY,QC,8.0
UU,OD,17.0
OT,YZ,44.0
XN,JN,15.0
VK,LZ,36.0
OS,HN,8.0
VB,SX,8.0
IW,VJ,27.0
KL,WV,6.0
IK,QV,18.0
AG,BD,24.0
MY,QN,4.0
YP,HT,6.0
MM,DE,22.0
QE,AT,12.0
LR,FO,5.0
AA,MX,8.0
RH,HQ,21.0
UI,SX,37.0
PL,RI,4.0
XE,QY,30.0
YT,IE,43.0
EQ,FO,19.0
GK,KA,4.0
YY,BI,29.0
UR,QQ,40.0
EX,BN,28.0
MV,OJ,24.0
KG,OT,19.0
FG,KN,10.0
SB,FX,12.0
GY,BY,49.0
GK,FW,9.0
DY,YB,42.0
BT,DN,23.0
XW,MK,8.0
PG,XQ,13.0
EU,FZ,15.0
JO,RI,14.0
UR,MM,4.0
AI,G,3.0
SI,BW,41.0
UV,RB,6.0
DH,GH,23.0
XK,HW,32.0
UT,MV,22.0
KR,EA,44.0
QH,GC,10.0
VC,VV,2.0
CV,BT,20.0
MX,RR,5.0
OB,NA,1.0
RA,VM,31.0
HH,EI,34.0
DH,GU,25.0
WW,KW,5.0
AY,GK,11.0
SU,VU,42.0
XR,ND,13.0
FW,NN,15.0
MO,JE,14.0
BT,IR,9.0
JI,JK,33.0
FF,EO,45.0
UY,WK,9.0
YQ,LE,38.0
BI,SM,4.0
RS,WQ,37.0
XL,GD,14.0
SW,RZ,29.0
SY,TT,1.0
RR,ED,48.0
FK,SH,19.0
DU,SK,44.0
WF,HB,27.0
LP,AT,25.0
JR,HQ,39.0
KS,LP,4.0
MB,JY,26.0
P,VC,36.0
LL,QT,43.0
GM,VE,20.0
MT,AT,14.0
VE,CL,22.0
LS,WY,3.0
KG,LS,24.0
UY,AT,31.0
UK,ER,20.0
JR,QY,48.0
W,VS,10.0
TU,KB,35.0
XU,DL,30.0
BF,VM,30.0
HM,BB,46.0
PY,BE,10.0
VC,JZ,46.0
SL,QJ,49.0
VH,OK,48.0
PU,VI,33.0
JO,KD,16.0
YT,KH,46.0
DH,C,45.0
PC,FD,30.0
RY,XJ,8.0
EC,BJ,31.0
VY,QT,45.0
VX,IC,16.0
T,KT,24.0
XR,BH,47.0
TV,DR,6.0
XW,FS,29.0
VK,XX,12.0
KY,GG,30.0
RU,HX,20.0
DM,MV,45.0
XU,RK,44.0
QG,O,29.0
FI,IV,27.0
KK,GA,23.0
EX,MY,1.0
VX,RK,41.0
UH,RN,13.0
E,K,14.0
RC,RP,45.0
XT,XQ,9.0
HR,YC,47.0
KL,D,22.0
RS,PL,40.0
PB,VV,9.0
EU,RK,46.0
DN,KP,23.0
KY,GT,16.0
RH,TO,47.0
QX,RV,21.0
T,YS,31.0
KL,DU,29.0
I,V,28.0
CR,YN,11.0
DE,CC,39.0
RW,EP,2.0
IS,SI,2.0
TT,TM,32.0
SO,GR,49.0
G,HJ,27.0
S,JL,44.0
LW,T,19.0
XX,IQ,11.0
FE,OB,47.0
WC,EI,35.0
LV,UC,43.0
PN,IW,14.0
UU,JB,44.0
MH,UM,42.0
GL,FI,49.0
SA,CO,32.0
BD,QR,17.0
FE,SS,4.0
KJ,ES,18.0
LK,W,7.0
AK,MA,37.0
CS,NZ,16.0
TA,NX,12.0
XC,UI,50.0
EW,OP,20.0
KH,MG,6.0
OX,QE,20.0
SU,GX,46.0
YK,AE,1.0
ER,OV,30.0
LN,QM,10.0
TG,QC,46.0
YF,LR,38.0
UP,FQ,30.0
HW,UV,27.0
P,XS,27.0
PV,HT,12.0
FA,RF,43.0
QZ,DC,16.0
GG,QU,5.0
QC,DS,29.0
KZ,TM,21.0
FB,BN,4.0
JZ,RL,8.0
IB,YI,8.0
EJ,EC,38.0
CL,TU,20.0
FM,WG,20.0
QU,E,1.0
QQ,KN,36.0
EG,IO,2.0
TX,DK,22.0
LT,GM,37.0
GT,DR,12.0
BL,XV,14.0
LV,L,48.0
CH,EI,2.0
XN,YB,32.0
WO,BR,27.0
FP,VU,50.0
DD,WJ,18.0
TR,PE,42.0
PQ,EI,6.0
KT,KN,25.0
VI,IE,25.0
UD,YJ,9.0
QY,YL,30.0
X,LI,47.0
ES,SG,5.0
LS,IO,7.0
OR,PP,24.0
OR,GU,13.0
VS,UG,28.0
XY,RZ,45.0
SQ,BT,40.0
EK,HA,29.0
XG,BU,44.0
TF,LD,33.0
EN,XD,10.0
PA,RZ,13.0
UE,RZ,48.0
VO,EU,8.0
KQ,OB,45.0
YJ,YP,11.0
CG,PS,28.0
UU,HA,16.0
SR,JM,49.0
BD,XL,22.0
KD,VB,32.0
NF,JN,17.0
KA,JP,49.0
YE,QA,6.0
WE,IS,46.0
GG,NT,27.0
RO,LX,7.0
WO,UU,42.0
QI,SK,28.0
WM,RZ,49.0
OH,NV,3.0
QK,JY,38.0
SS,LX,16.0
RL,FC,48.0
EK,QV,20.0
JH,SK,15.0
RA,JF,8.0
S,RF,16.0
FS,QT,26.0
H,BD,16.0
VH,XH,11.0
XD,EU,47.0
MK,RB,11.0
UW,SP,30.0
WZ,FX,18.0
JW,DL,35.0
FL,VH,9.0
PQ,BH,42.0
LP,TL,27.0
WS,OP,45.0
LY,DS,12.0
UX,BM,23.0
RJ,IM,2.0
LO,AY,13.0
IX,VV,23.0
UM,KG,31.0
UZ,HX,34.0
DV,OU,29.0
PM,GA,15.0
SH,FQ,24.0
OX,BH,3.0
DZ,KO,5.0
HH,BW,47.0
RI,DL,6.0
KX,DT,35.0
DH,ND,33.0
HS,MQ,31.0
QE,DY,20.0
BW,RR,33.0
VG,S,46.0
JP,IM,27.0
PJ,GI,24.0
MC,KZ,9.0
HS,RH,37.0
YV,VY,40.0
LS,KR,10.0
KI,WL,25.0
AP,GS,16.0
IC,NL,36.0
OC,EE,30.0
UG,CI,26.0
KX,NB,11.0
KH,CN,5.0
CK,YM,35.0
OH,GD,1.0
BT,PN,41.0
LM,WL,19.0
FS,AG,26.0
AT,ER,47.0
OE,AJ,32.0
KG,Y,36.0
OH,BZ,39.0
RY,LC,45.0
RF,AJ,30.0
IU,YV,39.0
SL,Y,3.0
QH,WT,11.0
TZ,LN,37.0
EY,PY,8.0
JX,LN,46.0
SZ,AR,4.0
KC,NM,34.0
MU,WW,5.0
SK,YY,30.0
VE,Z,19.0
BF,XE,36.0
UB,RY,39.0
NV,FI,18.0
SL,JG,48.0
RJ,FL,21.0
SA,LY,30.0
MK,BB,34.0
JF,ST,40.0
WF,SO,44.0
UK,GW,35.0
OZ,HU,19.0
PU,KB,3.0
M,HR,47.0
FB,BC,50.0
OG,LY,20.0
IA,JO,19.0
YE,XH,11.0
NX,SW,22.0
LP,IC,6.0
SM,QZ,32.0
AZ,BU,11.0
CN,XP,19.0
ME,HN,21.0
HF,DD,33.0
JX,VI,38.0
T,RC,47.0
OQ,YA,8.0
HD,OV,22.0
HL,G,34.0
JS,VO,29.0
SH,DC,33.0
JC,ML,32.0
SG,OQ,35.0
AX,RC,13.0
FQ,KZ,42.0
PD,GG,4.0
YI,RC,47.0
IJ,GJ,33.0
ES,NE,25.0
EN,Y,43.0
AU,VO,11.0
MT,RK,19.0
TT,HS,1.0
LI,VY,6.0
XK,IA,27.0
BD,JB,43.0
SK,DU,19.0
RV,B,26.0
FY,GD,22.0
G,AG,48.0
PQ,NF,20.0
QU,T,43.0
DI,EF,44.0
YX,GU,15.0
MS,SB,31.0
MZ,YG,26.0
OH,IG,14.0
NB,GZ,14.0
P,LL,40.0
KS,GP,2.0
TS,NA,38.0
U,PW,34.0
S,LQ,2.0
SV,NQ,20.0
WW,PR,35.0
FS,CJ,47.0
WI,TP,12.0
IR,KV,35.0
OD,YG,7.0
UB,KT,41.0
JR,HH,13.0
FB,US,27.0
AT,CQ,37.0
EN,XF,26.0
TQ,UO,25.0
DA,YY,31.0
WF,CO,24.0
WX,NL,23.0
HR,EQ,42.0
KX,UI,8.0
RG,WX,24.0
RX,AK,13.0
NW,SO,4.0
ST,UD,49.0
CA,OC,19.0
RV,NN,37.0
VD,EV,29.0
CG,UL,29.0
VV,PS,47.0
QN,SG,30.0
YP,AS,12.0
VK,JP,21.0
VP,WV,47.0
BG,JP,10.0
QU,XA,10.0
TQ,VB,13.0
WS,JN,30.0
CG,QH,16.0
WU,CM,1.0
KP,EY,15.0
LI,FL,41.0
FC,LW,12.0
A,FG,19.0
PD,B,47.0
V,ME,22.0
OS,TC,25.0
WZ,OU,9.0
TK,HL,20.0
XM,DQ,12.0
GN,XT,7.0
VU,AY,26.0
UP,RD,26.0
VZ,FJ,7.0
PP,MX,21.0
PQ,GA,41.0
JY,BD,40.0
CU,WE,25.0
BP,RD,21.0
LG,BB,2.0
EX,IL,15.0
YD,KQ,48.0
XB,RB,44.0
SY,MF,6.0
VB,N,43.0
BW,NC,8.0
MQ,XZ,6.0
LX,NG,2.0
HD,WC,23.0
NY,E,13.0
YB,XT,49.0
FI,IZ,22.0
FP,PE,49.0
I,ED,3.0
MI,DY,29.0
DS,NT,45.0
FY,MX,44.0
BW,WK,9.0
CS,ND,4.0
LH,NL,18.0
YA,YK,2.0
PR,YM,27.0
UC,NT,35.0
XK,PH,49.0
YG,GA,32.0
AT,AC,21.0
PQ,PV,44.0
GT,TV,8.0
PA,PN,10.0
UZ,RU,4.0
YG,KR,12.0
WQ,KU,30.0
QH,SE,11.0
QP,LK,47.0
VA,CC,42.0
NF,HB,29.0
PS,WG,21.0
BA,JN,49.0
HW,LE,20.0
IG,SP,21.0
OX,PV,29.0
IW,QL,6.0
VD,PT,49.0
BP,EU,28.0
BG,LS,8.0
HG,VF,25.0
SJ,QJ,21.0
CH,QV,9.0
OL,PY,1.0
MT,DA,7.0
RE,CN,35.0
NR,QT,50.0
YF,PZ,36.0
VX,FF,49.0
HB,WW,4.0
MI,XB,33.0
GQ,QT,41.0
IK,MK,44.0
WO,SV,14.0
V,JQ,40.0
QV,OC,40.0
QF,EZ,16.0
CP,KO,23.0
EV,IH,43.0
LW,XE,22.0
CI,TG,26.0
HF,DF,22.0
OL,VC,20.0
BI,P,21.0
OO,VH,31.0
OW,FS,36.0
AA,ND,48.0
IM,XM,36.0
WW,BH,11.0
QO,NB,34.0
UX,N,38.0
UO,QR,22.0
PP,TR,35.0
OW,KJ,18.0
AO,YC,46.0
IC,BR,17.0
FQ,TW,40.0
TU,RM,33.0
UC,KS,49.0
EW,BX,11.0
MU,FY,47.0
YC,OI,2.0
SK,IA,28.0
SB,OY,42.0
ON,VY,42.0
DN,IF,2.0
BE,RU,5.0
G,EM,16.0
TO,KM,31.0
NW,EE,21.0
WN,IS,6.0
LS,IF,31.0
EC,IU,8.0
HU,GJ,35.0
H,RU,29.0
RH,VV,8.0
US,TH,26.0
GS,V,47.0
WZ,WO,13.0
UG,EN,31.0
TX,VR,41.0
VS,PT,36.0
LT,PY,32.0
HQ,LC,12.0
KQ,EX,39.0
DR,CA,3.0
VR,GB,26.0
Q,UE,19.0
BY,LX,29.0
UB,GE,3.0
OS,AB,3.0
PO,KZ,18.0
CV,PY,23.0
BO,JD,2.0
K,CY,6.0
WJ,CO,7.0
UG,FA,47.0
OK,UH,42.0
QE,YT,11.0
MP,HE,33.0
XX,PO,45.0
MB,JR,45.0
XL,TV,47.0
JV,AR,39.0
FJ,CT,38.0
JL,JE,23.0
HN,YW,49.0
RO,HK,7.0
UB,LI,13.0
RY,NU,9.0
ND,WU,7.0
JA,HS,16.0
VO,FL,25.0
IA,HC,25.0
QW,YW,26.0
IH,DB,7.0
FU,OA,46.0
QG,VL,39.0
UB,UQ,36.0
JL,OI,47.0
TH,BG,45.0
CI,MO,18.0
TB,JU,13.0
FQ,DW,35.0
PD,HY,12.0
XZ,QX,5.0
NE,QK,39.0
AZ,IQ,16.0
PP,RD,30.0
EL,OT,47.0
QA,DE,9.0
HK,MZ,34.0
FP,KC,48.0
LK,QP,16.0
UA,VH,15.0
FI,T,15.0
IH,IF,20.0
MJ,XL,48.0
FC,RC,24.0
IG,O,49.0
BJ,TR,22.0
WW,IB,21.0
YQ,DS,46.0
YM,XW,20.0
PY,TN,26.0
FD,KF,39.0
AO,WB,50.0
IP,GC,50.0
QF,QX,14.0
IR,B,8.0
LU,BW,8.0
AW,LD,36.0
HF,XY,1.0
PH,GK,49.0
OS,BR,8.0
PC,KN,9.0
D,U,39.0
KD,ES,23.0
TI,YJ,13.0
MG,CG,38.0
NP,TQ,21.0
QG,EL,2.0
XL,E,30.0
JN,UI,46.0
RB,GS,21.0
YL,EL,33.0
HH,LI,29.0
NK,LB,8.0
LM,RY,42.0
NE,K,21.0
CU,ET,47.0
DP,HA,30.0
TM,NN,48.0
NQ,U,30.0
BI,UV,26.0
HJ,RT,35.0
VI,KY,15.0
OQ,NW,18.0
RY,GP,28.0
FO,EQ,48.0
GH,FD,38.0
LL,NY,18.0
DV,YT,39.0
ST,RR,37.0
DP,LR,16.0
LS,UD,34.0
YI,CH,36.0
TW,EJ,13.0
C,QM,44.0
IK,HI,50.0
SC,PV,10.0
RW,OD,42.0
HU,OD,3.0
QG,OG,22.0
SR,QK,7.0
SZ,AV,46.0
YZ,UO,47.0
SE,MA,2.0
GC,YX,4.0
UJ,CN,17.0
XF,UT,13.0
ON,HO,34.0
DP,QV,11.0
EZ,FB,23.0
RR,UL,31.0
MM,CZ,50.0
JH,LW,18.0
TV,AW,23.0
XD,CK,3.0
GP,J,22.0
S,TM,15.0
PZ,XL,4.0
NZ,QD,47.0
KK,HJ,3.0
TU,VF,40.0
SN,FP,18.0
TO,AT,25.0
ES,IE,36.0
RT,QQ,11.0
IF,MS,16.0
CR,MK,38.0
IM,SX,40.0
UZ,AW,38.0
EX,BI,14.0
CY,IJ,23.0
AP,E,50.0
NH,OO,13.0
FA,RL,40.0
BW,TL,38.0
IS,KW,4.0
NP,DQ,11.0
XN,XU,46.0
IU,MQ,47.0
AN,PN,43.0
WT,FV,33.0
GM,BW,37.0
PD,PF,40.0
E,FX,45.0
WR,BP,5.0
IT,YE,21.0
MG,S,23.0
WP,OS,35.0
WB,IK,17.0
IH,TQ,30.0
FY,KL,45.0
MC,IP,13.0
PD,LB,40.0
ND,DT,46.0
DB,DT,45.0
DX,EL,31.0
LJ,PF,31.0
HZ,TR,36.0
Q,KY,11.0
HK,YX,14.0
GL,CN,8.0
VB,CF,6.0
QC,WO,47.0
HC,NR,47.0
N,UB,5.0
PS,TU,28.0
GC,NB,25.0
FO,GT,2.0
XH,VY,17.0
UI,CF,47.0
DG,LX,33.0
CV,QA,36.0
AS,SM,19.0
CM,WY,21.0
SO,NR,50.0
KW,AB,35.0
NE,CA,46.0
NX,CN,34.0
VH,AG,18.0
LI,AL,10.0
BJ,JL,32.0
PI,CQ,47.0
NB,QL,12.0
GZ,SQ,5.0
BP,GZ,14.0
FH,PY,13.0
YN,SD,34.0
WS,FA,10.0
MY,JQ,17.0
DM,HM,41.0
YN,WU,22.0
UB,YW,46.0
PH,XM,41.0
S,VP,4.0
RM,NZ,37.0
FQ,IC,2.0
IU,AU,6.0
JX,SY,44.0
YD,AZ,38.0
AJ,DT,22.0
KB,MG,6.0
EA,XC,14.0
U,A,49.0
FP,OI,21.0
XK,FD,26.0
HS,DB,45.0
XP,SJ,19.0
AL,FN,33.0
X,F,28.0
FA,TO,27.0
RJ,VR,49.0
FP,KE,5.0
DM,MQ,18.0
WS,OV,5.0
MT,PA,9.0
JO,XX,7.0
EZ,QZ,17.0
DV,KJ,31.0
UQ,KK,23.0
RG,GB,21.0
HX,GO,25.0
YL,J,11.0
KI,RN,41.0
CV,N,1.0
AJ,RS,45.0
YF,XV,5.0
IG,NC,36.0
CO,IF,36.0
JB,PJ,7.0
C,PO,2.0
BP,VY,30.0
SI,IY,41.0
UT,TX,5.0
WH,MS,12.0
MR,FZ,46.0
AM,IL,6.0
TS,BV,18.0
KC,DX,36.0
HS,RN,29.0
FR,LN,41.0
LV,LC,32.0
VW,LG,8.0
XZ,Z,46.0
IY,EK,35.0
QI,KY,7.0
BH,PJ,50.0
YU,LB,44.0
WQ,PC,22.0
HH,YW,19.0
DG,OA,7.0
RD,NF,1.0
RW,NS,48.0
NB,WS,38.0
CI,EY,33.0
JX,PX,5.0
SX,NN,14.0
GE,SM,47.0
WS,CM,13.0
TP,EI,34.0
FH,JG,49.0
NY,WP,36.0
EF,FL,27.0
XU,AS,1.0
AU,CR,49.0
XF,YZ,2.0
RS,CX,13.0
AA,DM,29.0
HC,QU,36.0
CC,MO,11.0
RQ,HF,16.0
AH,JR,27.0
CP,KF,1.0
BI,DK,3.0
HI,OI,34.0
OA,JZ,16.0
FN,KA,16.0
TL,YZ,30.0
KZ,OQ,1.0
VM,JM,45.0
CY,HY,28.0
QY,XG,2.0
GI,QY,47.0
FP,HQ,2.0
NI,HG,31.0
YH,DN,15.0
SW,DK,33.0
UV,MH,14.0
YV,OM,9.0
ML,MN,4.0
XO,HR,41.0
FE,GE,49.0
XO,DN,33.0
XR,DS,38.0
EU,KN,18.0
QT,PE,34.0
DV,RD,14.0
RU,KI,45.0
DM,YB,6.0
TR,OZ,24.0
KR,IO,42.0
XF,DV,6.0
OK,KQ,29.0
S,GS,2.0
GZ,EG,28.0
GD,NN,6.0
DX,EN,41.0
EY,IM,33.0
MN,KQ,23.0
XM,YN,32.0
WT,PF,31.0
GZ,IX,30.0
NW,RU,37.0
ED,CB,7.0
SY,XU,49.0
DU,IZ,29.0
PL,AF,4.0
LE,GS,24.0
Z,IT,23.0
HA,WF,47.0
EM,U,18.0
WD,KT,36.0
PG,BW,38.0
PL,EW,19.0
LV,RW,20.0
PH,NT,41.0
HX,XD,29.0
GJ,JC,29.0
SK,RZ,6.0
MJ,V,41.0
PA,NQ,11.0
YW,KU,41.0
KY,XD,33.0
K,DC,36.0
TJ,YV,49.0
GX,LG,15.0
MJ,EM,37.0
ID,JK,20.0
Z,WS,33.0
TA,LR,15.0
HO,XL,46.0
FJ,CX,41.0
XT,EK,14.0
OO,NT,29.0
MQ,AL,40.0
YK,KX,16.0
MB,OM,49.0
IW,XJ,32.0
FR,XL,23.0
PU,QO,36.0
NU,JG,41.0
XN,QE,43.0
UW,WO,15.0
OE,QR,11.0
FM,OW,12.0
VR,YV,3.0
RA,EW,41.0
BN,OP,18.0
HR,OE,40.0
DY,VK,25.0
XD,AL,44.0
ER,VX,22.0
G,BP,7.0
NF,XU,4.0
JV,TL,3.0
KR,KE,23.0
QZ,FN,41.0
V,VF,25.0
LI,XU,39.0
EE,HR,34.0
BH,AZ,42.0
VU,JZ,21.0
SP,KB,24.0
RS,TM,21.0
NP,FV,33.0
EU,MQ,50.0
CD,IU,46.0
UQ,KM,30.0
SK,KH,26.0
FE,RP,11.0
BN,YK,11.0
IE,VQ,23.0
TT,SW,19.0
QL,IN,12.0
PX,ML,9.0
DS,NM,15.0
DC,EJ,38.0
CA,BZ,15.0
O,UE,36.0
SK,GD,8.0
II,OY,48.0
IW,CF,29.0
NY,IF,47.0
VN,TE,24.0
VV,DP,8.0
X,RX,40.0
NA,UJ,47.0
DX,LH,14.0
OD,RH,28.0
QG,NK,32.0
EP,NJ,3.0
YJ,VW,33.0
XQ,CI,46.0
WO,IT,50.0
VY,IL,42.0
HJ,NG,2.0
WE,FZ,16.0
FO,IY,42.0
GM,WR,33.0
VY,EH,7.0
KD,WZ,16.0
WQ,GJ,36.0
OM,JL,38.0
FI,XE,22.0
UW,PJ,19.0
LS,UH,27.0
CV,WW,10.0
CH,QO,27.0
DW,QP,23.0
WJ,JM,1.0
DR,SG,17.0
UF,CG,26.0
NB,XH,24.0
WU,AE,44.0
NQ,NX,41.0
CC,VL,37.0
EK,XK,32.0
OU,HV,45.0
UK,LI,5.0
WS,LW,7.0
DO,BF,47.0
SQ,WU,26.0
OW,AU,15.0
MN,AK,10.0
DV,HK,34.0
NF,VG,14.0
PI,JZ,43.0
BA,XS,2.0
EV,DW,14.0
IE,JU,30.0
RZ,SM,25.0
GW,ON,18.0
FE,KK,35.0
XH,LU,32.0
HY,VO,22.0
YW,XF,18.0
RL,QV,27.0
KX,FR,46.0
YR,XL,2.0
BR,GJ,9.0
HD,TU,9.0
HG,U,36.0
VE,XO,5.0
DS,GU,29.0
P,BY,27.0
OU,WH,40.0
SK,IG,43.0
QH,KS,19.0
GK,XY,47.0
GS,IJ,5.0
UA,YB,33.0
VN,VH,36.0
ME,VU,18.0
YR,XY,26.0
FB,UA,34.0
TC,OZ,18.0
YI,K,45.0
YS,RB,40.0
YJ,XZ,22.0
CD,YW,12.0
JI,JJ,48.0
RG,WF,33.0
LA,TV,47.0
SV,EQ,11.0
EN,SJ,43.0
UV,N,18.0
VI,RJ,27.0
PE,IZ,34.0
LN,NI,2.0
FM,NY,8.0
Z,WH,40.0
TC,YH,46.0
CW,EQ,41.0
QY,GV,7.0
NC,JF,49.0
KQ,SP,31.0
OR,UQ,32.0
MM,AC,14.0
HL,SR,19.0
JH,IZ,32.0
KE,OB,40.0
ER,ME,9.0
PG,LG,35.0
DB,WN,15.0
MP,QF,28.0
CQ,QK,43.0
BJ,JP,9.0
NK,SM,8.0
YE,UO,12.0
ST,UL,33.0
DG,VJ,14.0
PA,XA,8.0
EY,XA,4.0
PU,QQ,9.0
NR,TC,12.0
YO,LK,29.0
HF,NW,27.0
MB,TF,19.0
AN,E,16.0
FK,AT,22.0
AL,FE,19.0
JE,DS,40.0
FZ,VK,18.0
T,KF,49.0
YH,BB,25.0
IN,EZ,50.0
TT,AI,48.0
KK,AV,1.0
YR,HL,21.0
HB,VB,1.0
EF,MU,28.0
IS,MQ,43.0
MN,DA,45.0
AD,BB,24.0
FC,QV,6.0
MV,HQ,26.0
OP,UX,29.0
MU,HU,14.0
AY,DI,22.0
BW,RB,13.0
A,TA,16.0
BN,PE,3.0
JZ,YC,47.0
JG,OU,14.0
IN,FM,8.0
PK,OJ,19.0
IV,SX,17.0
RJ,VV,4.0
EJ,KT,27.0
PD,MV,41.0
LT,IM,9.0
XX,HP,18.0
QO,PK,2.0
PX,QR,50.0
NP,FX,12.0
CR,PE,41.0
TF,HZ,8.0
TK,MK,4.0
BB,YC,33.0
UL,GD,8.0
G,KZ,42.0
ND,BJ,9.0
GY,NI,3.0
GH,EJ,37.0
HN,DY,5.0
MH,PH,3.0
QS,OU,46.0
EW,IX,39.0
DB,GA,32.0
DX,PN,9.0
OQ,IY,24.0
XS,II,43.0
XB,WA,48.0
YQ,WB,35.0
FV,EM,14.0
FH,IK,14.0
SK,KW,12.0
GO,GK,41.0
KL,IK,31.0
II,TR,5.0
TG,BP,41.0
WK,NB,45.0
IC,RZ,5.0
AR,LP,29.0
LZ,TZ,37.0
IG,WO,31.0
OF,IX,21.0
GG,GL,14.0
DB,PI,45.0
PF,YK,19.0
XA,SA,41.0
QJ,O,43.0
TH,UP,20.0
MT,CI,29.0
US,WD,49.0
AV,AT,25.0
GV,UM,26.0
JR,SN,16.0
U,WY,18.0
HQ,WT,1.0
YL,WU,5.0
OJ,WU,38.0
VD,UF,24.0
AU,GZ,3.0
KN,FC,7.0
SL,RY,18.0
YU,UN,12.0
BM,TA,49.0
GJ,UP,7.0
TK,AB,4.0
TA,SN,7.0
DZ,CT,21.0
GV,UZ,31.0
TE,XC,28.0
RH,HE,3.0
EO,DI,16.0
QB,YY,8.0
AQ,LS,18.0
SE,MG,49.0
CK,QE,18.0
JZ,IC,45.0
DY,SY,14.0
IH,OF,39.0
TP,NU,33.0
RM,QG,30.0
MV,FC,2.0
XZ,XK,26.0
A,HR,19.0
OQ,XX,36.0
JZ,MT,15.0
HF,QM,18.0
XM,KF,10.0
UH,KH,30.0
CF,MG,27.0
JY,DB,26.0
PC,DB,2.0
WU,OF,6.0
TP,XC,31.0
NS,TM,26.0
DJ,MG,6.0
FM,O,8.0
VC,RF,15.0
AX,VQ,10.0
FN,PI,23.0
AD,DR,46.0
AN,LC,42.0
VM,XP,49.0
A,VQ,4.0
KD,GO,2.0
LG,DM,33.0
DQ,MW,45.0
XH,MJ,10.0
FK,RI,38.0
JQ,DP,21.0
YD,VW,8.0
NR,EF,26.0
YC,XL,3.0
TZ,IJ,4.0
CZ,LA,27.0
VS,PO,44.0
OA,BY,12.0
XK,RF,20.0
QH,YG,22.0
DJ,RK,35.0
WF,BY,44.0
CG,GJ,4.0
S,LN,28.0
SH,RL,39.0
VJ,FX,46.0
MD,GP,43.0
TA,PM,5.0
KA,JB,30.0
QW,TN,23.0
WR,PU,30.0
HQ,LK,40.0
YL,LL,16.0
UN,LA,11.0
RD,PM,10.0
NC,EQ,23.0
RI,TX,36.0
CL,CT,6.0
UY,EL,10.0
NM,TV,6.0
B,OI,21.0
QI,JB,9.0
E,YT,42.0
MG,SO,29.0
LE,YZ,40.0
GA,QE,18.0
EF,LW,25.0
RV,NK,18.0
JH,JB,9.0
QM,CJ,11.0
RK,QC,21.0
QR,GU,38.0
JO,NV,6.0
MK,LW,31.0
LW,PU,22.0
WZ,AS,32.0
GV,XC,35.0
IF,JX,1.0
HR,NV,46.0
BN,FL,47.0
PG,YU,23.0
DF,HC,20.0
MD,QK,32.0
AH,LY,12.0
AT,VD,37.0
BI,BN,32.0
VC,KA,27.0
OW,HQ,31.0
DP,XV,12.0
TK,HI,12.0
BJ,OV,8.0
J,HN,48.0
MR,XF,14.0
PT,BL,40.0
EH,OQ,41.0
DK,YB,19.0
YT,XU,38.0
LL,H,42.0
UC,MQ,5.0
MM,XL,42.0
XB,MH,26.0
DU,BL,17.0
QH,MK,27.0
WN,FZ,25.0
CV,G,16.0
RL,XR,3.0
NA,PJ,40.0
JY,OM,6.0
OG,XT,9.0
YV,VK,29.0
IT,VW,48.0
US,HT,12.0
PE,GA,9.0
XL,DD,8.0
WB,GC,32.0
RK,DT,15.0
AN,RW,6.0
HE,GH,8.0
GS,BT,7.0
NB,EI,4.0
HI,P,6.0
GZ,GN,47.0
FB,WF,1.0
EI,MX,33.0
MP,IP,11.0
MO,UD,38.0
DI,CB,2.0
MS,YS,25.0
ND,KT,47.0
RO,AA,12.0
JF,IX,32.0
CN,NG,44.0
SF,GN,40.0
KU,AD,22.0
VO,CF,33.0
JX,CE,16.0
YS,XX,23.0
TH,YV,5.0
FJ,AA,22.0
QR,IK,45.0
KE,GY,27.0
MC,UG,3.0
DC,NV,15.0
NL,V,25.0
AK,UJ,27.0
Y,PV,44.0
JD,RW,4.0
WJ,AI,28.0
CO,WK,29.0
XN,EM,26.0
SF,PV,18.0
W,JX,24.0
SU,GL,41.0
IK,LU,47.0
SF,LR,49.0
FL,SF,50.0
FE,AT,38.0
WX,PY,17.0
WJ,SL,22.0
DF,JF,15.0
VS,AR,24.0
FB,FF,38.0
JE,BG,12.0
LB,QD,38.0
RE,PW,47.0
XD,CF,24.0
DK,IB,2.0
YL,XJ,45.0
HA,CV,29.0
UQ,CY,47.0
DH,FK,39.0
BE,HW,26.0
HR,QL,23.0
PY,DI,28.0
UO,QB,37.0
MM,UX,44.0
DD,VK,13.0
KI,OS,25.0
WZ,MQ,46.0
LY,TG,14.0
UP,XU,47.0
YK,WZ,11.0
GY,GF,23.0
FW,MQ,49.0
WO,BF,16.0
MH,IE,46.0
PQ,DW,26.0
PS,FQ,21.0
UD,XX,3.0
FT,FV,25.0
RL,VQ,42.0
TR,TJ,43.0
OW,TO,26.0
UC,LC,2.0
YL,GJ,21.0
IO,UB,2.0
PO,TE,15.0
PA,EB,6.0
SB,PI,23.0
WP,PA,45.0
JD,KR,47.0
VH,O,30.0
EM,N,26.0
IL,YN,37.0
DB,MW,9.0
N,TW,32.0
LK,BN,7.0
YE,TS,6.0
RK,CF,6.0
KS,GO,42.0
FA,AG,6.0
KV,GT,50.0
VK,EK,38.0
NQ,GJ,16.0
HZ,YQ,15.0
WB,SA,44.0
GH,LS,43.0
YK,FZ,24.0
MT,EN,35.0
DK,FA,32.0
SH,WE,41.0
GJ,ER,26.0
VG,UK,38.0
QY,CI,6.0
JX,NP,12.0
LC,QE,14.0
DN,WO,43.0
HO,XE,37.0
QI,RY,20.0
YB,IT,18.0
PZ,QB,29.0
HF,AB,5.0
XK,U,4.0
NA,FD,22.0
CK,JB,18.0
DW,SW,42.0
KA,SL,20.0
JL,NS,45.0
EH,EX,13.0
BV,OH,34.0
RO,UT,15.0
CN,QJ,40.0
GD,AX,39.0
VA,SB,39.0
BJ,JT,9.0
UY,NV,27.0
ES,FL,27.0
CU,VD,44.0
JZ,FQ,25.0
RO,QP,48.0
JW,CZ,33.0
EO,OI,29.0
SN,HN,11.0
FE,DJ,31.0
CU,QZ,9.0
VL,HI,43.0
F,IF,48.0
CE,QR,29.0
UR,SJ,3.0
M,OK,29.0
Z,AU,3.0
BC,SY,35.0
XN,VB,21.0
QC,OR,34.0
FP,JZ,31.0
QJ,MB,5.0
RF,VO,16.0
HR,TB,46.0
Z,FL,36.0
SZ,RF,44.0
YS,JN,28.0
EL,TH,49.0
QA,HS,44.0
RL,TC,5.0
XB,MJ,15.0
WH,DF,37.0
FD,KC,41.0
TV,MP,38.0
PJ,OR,37.0
TK,QS,45.0
JI,GM,15.0
QE,ID,23.0
HQ,DU,39.0
VU,KF,11.0
WS,XY,45.0
JK,IG,36.0
XA,IJ,10.0
AW,LA,33.0
WA,GI,10.0
QI,BL,15.0
OK,RD,9.0
BE,YL,25.0
PG,B,14.0
RN,TY,25.0
EK,IR,43.0
QG,EI,35.0
HL,LD,44.0
PX,VM,16.0
BY,JG,41.0
LG,KI,13.0
PH,CD,9.0
WM,FR,3.0
YU,GF,44.0
WQ,BL,25.0
VJ,DL,14.0
BI,YW,26.0
FI,SG,48.0
YX,WI,19.0
KF,LA,34.0
BK,RV,1.0
JD,RL,2.0
HO,PZ,28.0
SV,PS,34.0
UD,S,13.0
RM,GC,3.0
AE,WX,10.0
FZ,AK,41.0
FX,GK,13.0
LG,KV,9.0
VG,WN,9.0
LE,WN,7.0
AT,JJ,4.0
M,LJ,19.0
II,UI,21.0
FM,MB,19.0
XP,GI,16.0
TN,PV,8.0
WL,PQ,40.0
OP,EO,30.0
FG,FB,29.0
RE,LH,40.0
LD,DC,46.0
LN,UT,44.0
QY,JP,32.0
XM,FF,43.0
NF,ME,33.0
TR,EZ,30.0
AU,LU,22.0
DJ,CP,13.0
UX,DD,46.0
IM,OD,47.0
LC,TH,29.0
UF,HD,21.0
UX,HU,5.0
CR,MH,44.0
WU,NW,37.0
JA,XR,22.0
OE,XR,1.0
CD,FZ,2.0
TU,QY,45.0
KX,AT,50.0
YD,MF,3.0
HS,AV,46.0
T,RD,43.0
GF,JY,2.0
WH,AR,13.0
SB,FP,13.0
QD,VH,6.0
GD,MV,10.0
OB,IB,33.0
RI,AY,3.0
RN,MT,27.0
JB,DV,21.0
WY,DA,20.0
HA,QW,3.0
KR,IJ,23.0
GF,KL,49.0
IS,PK,16.0
UD,XZ,31.0
U,TO,2.0
KU,YM,34.0
HV,XU,42.0
HE,IM,46.0
TR,TL,24.0
DJ,MX,48.0
KA,IS,27.0
UG,EM,47.0
CX,GY,36.0
XY,WG,6.0
OK,TT,13.0
SF,IS,39.0
W,LP,45.0
JR,UH,29.0
RT,EE,6.0
PM,RZ,15.0
AL,WK,32.0
TQ,PY,36.0
KO,PN,34.0
MW,QB,8.0
YE,PQ,18.0
QR,GL,5.0
LR,CF,21.0
HY,EU,36.0
OU,FA,11.0
XQ,WU,15.0
RK,UK,10.0
P,UU,23.0
YZ,WO,42.0
JO,JI,32.0
EL,EX,3.0
QY,PW,39.0
HY,JL,43.0
MJ,IY,50.0
CK,JD,18.0
LR,CS,30.0
GS,XB,13.0
MZ,CQ,12.0
FX,JN,14.0
EC,FF,20.0
KC,YY,34.0
PB,LS,35.0
IV,SD,29.0
VK,XC,11.0
YO,GZ,38.0
X,DG,5.0
YC,LG,9.0
XZ,VA,42.0
YV,LT,49.0
TR,CY,45.0
IS,MJ,24.0
JF,VK,36.0
X,C,12.0
MU,HN,20.0
HV,LY,11.0
QN,AU,1.0
FU,XH,31.0
JP,MG,3.0
GP,PI,20.0
EP,IA,42.0
VW,BI,37.0
EP,F,9.0
UZ,ME,45.0
XH,OD,16.0
HF,OP,35.0
XB,VG,29.0
JC,TG,5.0
LY,RH,12.0
IR,DE,11.0
KD,MZ,25.0
DJ,ON,24.0
UB,DC,6.0
JA,WD,46.0
OC,D,39.0
IL,RK,26.0
SC,BI,23.0
QO,YL,46.0
VR,HQ,21.0
KB,VY,40.0
XY,KX,7.0
PA,PB,18.0
BX,DU,36.0
MO,YL,46.0
KT,VO,9.0
LK,B,38.0
EB,PR,22.0
JR,IY,11.0
VS,RV,33.0
WH,RG,8.0
XA,RT,2.0
XG,J,35.0
P,NP,16.0
HI,NF,38.0
OS,KY,4.0
VP,TV,21.0
LW,EC,31.0
BM,JL,23.0
IK,LL,33.0
KH,HH,16.0
YO,DY,1.0
LI,CL,25.0
EY,UF,28.0
VO,HA,18.0
WY,YG,16.0
FO,JG,44.0
VK,PX,30.0
JT,PW,45.0
HF,CG,39.0
WF,SE,31.0
LC,OF,10.0
FO,NX,38.0
QR,JB,23.0
IN,CE,13.0
DF,ES,32.0
XE,QF,25.0
TN,UO,28.0
SG,EY,47.0
BC,UQ,23.0
CR,LW,17.0
KP,HC,49.0
FY,ET,34.0
OP,JH,5.0
AQ,HH,27.0
OB,LU,30.0
NX,XD,30.0
IF,QV,25.0
LI,VB,5.0
FY,JK,20.0
EO,MJ,14.0
HK,KK,13.0
YD,HQ,42.0
K,TM,23.0
SG,OG,31.0
VO,VM,12.0
BI,RG,44.0
NV,TK,47.0
SB,FR,23.0
HU,BG,40.0
FD,HQ,37.0
JJ,MR,43.0
UR,VB,45.0
UD,XO,49.0
TO,SV,46.0
AL,IA,23.0
RG,IB,48.0
DM,TH,38.0
IR,FH,2.0
TD,MS,19.0
SG,XO,46.0
PP,TS,47.0
EU,TF,2.0
EE,SX,17.0
SN,TN,20.0
BE,VZ,47.0
YD,VP,17.0
FP,VM,4.0
VP,HZ,8.0
NC,F,15.0
EV,WH,28.0
QU,IE,48.0
DS,UB,34.0
EJ,RT,31.0
OB,RL,20.0
VP,DV,7.0
GO,RB,16.0
BZ,X,14.0
OM,CB,14.0
C,WF,37.0
HJ,KN,41.0
HO,NN,7.0
WT,XX,49.0
NZ,C,29.0
BR,UD,14.0
GF,TV,27.0
PW,DT,20.0
Z,RL,41.0
PN,BW,16.0
NB,UB,33.0
PE,IU,15.0
HO,SE,8.0
DG,QA,19.0
DI,RU,43.0
A,S,38.0
RY,RM,21.0
RE,N,3.0
PG,PF,33.0
CT,XA,3.0
VG,YS,48.0
AK,NV,48.0
ID,NL,41.0
JZ,JL,29.0
JG,AD,23.0
PK,S,48.0
JL,EO,33.0
GP,FC,8.0
BQ,AS,21.0
XS,LE,24.0
YF,IV,15.0
RL,AD,4.0
NS,CS,14.0
QM,GT,17.0
TO,CI,42.0
AC,HG,48.0
QD,SI,5.0
FA,OJ,41.0
MN,CI,42.0
AT,UW,10.0
GI,OH,26.0
MH,AQ,48.0
HS,CN,13.0
CU,VH,39.0
YO,PW,38.0
VE,LN,7.0
SS,UX,8.0
GQ,XO,3.0
UP,QT,19.0
H,KD,45.0
YA,OF,7.0
ND,AR,15.0
TW,UX,44.0
AU,XH,29.0
EP,DL,47.0
LR,QT,28.0
NB,DO,3.0
WB,BE,9.0
EL,OU,24.0
SN,QZ,35.0
UC,IF,6.0
BJ,XW,30.0
XT,ST,10.0
MR,AU,11.0
IV,XJ,31.0
VI,FI,29.0
AI,OP,3.0
KR,KO,12.0
XW,XP,47.0
AE,EL,40.0
OQ,EC,10.0
TO,VL,36.0
MH,PC,24.0
LI,BN,40.0
HF,XZ,21.0
DL,BZ,20.0
MH,TT,27.0
KM,GQ,11.0
TZ,BX,31.0
BY,SF,1.0
KN,T,5.0
MH,YK,50.0
WR,IV,14.0
EZ,L,30.0
SK,YD,50.0
JP,WD,18.0
IW,LK,7.0
C,YV,11.0
GC,PD,7.0
NE,L,30.0
PP,AE,4.0
FK,UE,13.0
OH,PD,15.0
XP,FZ,7.0
BA,NU,33.0
NB,WR,11.0
SM,LN,7.0
IK,LN,15.0
CE,JD,30.0
HQ,WO,3.0
HC,QG,46.0
ID,UF,13.0
EK,NZ,25.0
GE,SL,8.0
QM,AB,7.0
RK,NU,25.0
MT,CQ,48.0
PW,PR,22.0
XZ,WS,25.0
BX,SI,27.0
VO,QK,6.0
WX,YZ,49.0
IT,JT,42.0
VQ,SE,43.0
DO,BC,36.0
MA,LL,18.0
QI,US,16.0
QQ,FD,9.0
QF,JG,8.0
JN,ME,33.0
JN,DJ,37.0
LF,NV,15.0
YD,DB,12.0
AP,HN,19.0
QL,FJ,15.0
JO,QR,14.0
PW,UV,23.0
KJ,SY,13.0
XU,OQ,23.0
XG,SO,44.0
AZ,TP,9.0
UA,SU,27.0
JW,FT,24.0
HF,MD,9.0
FP,MG,8.0
LX,OZ,27.0
NB,KI,34.0
ME,MJ,9.0
HK,TU,38.0
GT,VB,30.0
NV,YD,7.0
OI,RQ,24.0
EX,YD,38.0
EW,PM,34.0
FB,TX,50.0
LV,RI,2.0
SM,EI,11.0
MF,DN,34.0
TR,YG,19.0
UN,OZ,15.0
LS,VU,6.0
DG,LL,17.0
FC,BT,41.0
NK,NF,41.0
SQ,OZ,7.0
SC,RM,11.0
YU,ND,18.0
OS,ND,40.0
HL,WS,10.0
IY,TY,33.0
YM,EJ,14.0
UA,GL,10.0
XF,RT,23.0
HQ,YR,15.0
GL,LW,28.0
RH,U,29.0
XK,N,42.0
QU,SB,18.0
XU,GY,4.0
JH,IW,4.0
RA,IM,5.0
BV,OA,50.0
GU,JP,24.0
XN,GV,7.0
UD,LH,37.0
YO,KU,28.0
BG,JH,27.0
MJ,EL,16.0
MV,GN,49.0
DX,XC,2.0
CQ,QH,13.0
HB,PU,50.0
FM,OI,31.0
WS,JF,15.0
SC,WQ,31.0
KO,YZ,30.0
JZ,KA,43.0
UP,UZ,39.0
YV,HG,35.0
K,RA,14.0
YY,QG,34.0
ON,OJ,16.0
AC,HV,30.0
BI,OU,3.0
YH,OK,13.0
TI,KA,28.0
CM,KD,17.0
QL,DI,47.0
IC,MF,15.0
YT,XP,2.0
AN,RE,37.0
IU,FM,30.0
SH,JO,9.0
JY,JQ,27.0
XJ,FI,11.0
JK,DI,3.0
UX,FX,5.0
YE,HP,24.0
PE,BE,17.0
WB,BG,26.0
XQ,BH,49.0
SD,JQ,21.0
AR,BR,5.0
VX,VK,28.0
NA,XZ,8.0
SC,AZ,36.0
AC,RD,1.0
BM,DY,3.0
ST,HM,45.0
OV,DY,18.0
RP,HZ,33.0
MP,DT,42.0
UN,HU,44.0
ID,FV,40.0
TI,XZ,21.0
CV,RE,41.0
QB,BB,13.0
AD,OX,9.0
PH,KR,19.0
KE,GG,31.0
TO,VN,14.0
EW,IU,36.0
PZ,DY,27.0
EN,PS,2.0
AP,PH,48.0
SB,VV,48.0
EC,TV,11.0
HJ,MS,39.0
FO,P,21.0
TE,IN,14.0
MY,GD,20.0
HN,IM,31.0
VB,EJ,24.0
VG,RP,32.0
RR,KG,44.0
PH,TZ,10.0
LL,NO,46.0
BV,GV,3.0
LR,DZ,48.0
HB,RK,39.0
NX,IV,45.0
CW,GQ,14.0
RM,GI,38.0
OE,EU,45.0
WV,SD,29.0
FV,EW,19.0
NO,EM,39.0
SS,NH,5.0
QB,TR,29.0
GN,PT,35.0
BQ,LS,2.0
QQ,AB,19.0
JT,UE,5.0
DP,UP,2.0
PL,QG,16.0
KU,FC,48.0
VO,PZ,12.0
TQ,WW,20.0
YB,LC,42.0
QA,EK,46.0
KB,JG,23.0
VE,EK,19.0
NF,US,36.0
LC,XE,33.0
MR,PV,25.0
RX,QE,42.0
KV,XB,25.0
EA,PY,2.0
K,TD,4.0
SB,JM,7.0
RE,LN,30.0
OS,UX,10.0
AN,FV,46.0
LV,CY,10.0
HZ,FI,49.0
AD,DB,4.0
BU,RH,47.0
OP,WX,19.0
LT,FV,25.0
YQ,FL,12.0
MZ,OF,30.0
US,FA,50.0
LX,BP,48.0
MA,UV,7.0
YC,OA,21.0
WN,MO,15.0
NE,XH,17.0
AU,VI,4.0
AM,FL,29.0
SO,DM,50.0
YX,OW,13.0
CG,BC,12.0
F,YN,8.0
IF,WD,30.0
HG,T,43.0
XF,QV,8.0
TE,FZ,7.0
XM,PG,39.0
CX,CA,26.0
JY,QX,48.0
ID,DU,21.0
RI,OQ,38.0
BX,BK,8.0
HU,KS,33.0
XE,EA,46.0
II,VR,8.0
JP,TR,31.0
XR,VW,44.0
SE,U,18.0
KG,KQ,47.0
RI,XY,9.0
ID,EH,45.0
XA,UA,12.0
QB,II,27.0
TF,TU,47.0
AZ,CR,1.0
HC,NU,37.0
UN,TS,14.0
TU,AE,13.0
PA,RV,46.0
NA,AH,8.0
AV,CT,33.0
OG,W,29.0
UU,PR,12.0
HR,EK,5.0
KZ,LQ,15.0
DM,CL,26.0
LY,CO,38.0
LK,GM,50.0
OF,YW,40.0
NU,Z,19.0
PL,XA,20.0
UD,CO,35.0
PN,PZ,36.0
BA,QM,5.0
DW,ON,11.0
WE,WA,45.0
UU,YZ,20.0
NJ,SP,22.0
UO,NI,41.0
WC,YX,4.0
MO,JS,31.0
YU,XA,48.0
KH,XN,32.0
IK,XN,34.0
WY,AF,38.0
DN,AS,39.0
YF,WY,38.0
J,QF,11.0
DZ,JX,2.0
II,FE,50.0
BL,QM,4.0
NB,HW,25.0
BY,DX,11.0
EG,FW,19.0
JY,JS,49.0
YQ,MF,24.0
O,PB,3.0
SG,VE,6.0
IS,RG,1.0
PE,BG,20.0
ME,XJ,20.0
TO,VC,35.0
MP,E,31.0
YV,VH,41.0
DX,GE,22.0
HZ,MP,16.0
JM,JV,36.0
PJ,TD,25.0
IP,BQ,30.0
YZ,OP,43.0
HV,VM,2.0
VP,BL,13.0
PY,TS,39.0
PJ,OZ,21.0
KC,DN,20.0
EI,VP,50.0
AO,P,14.0
X,NH,39.0
VK,BR,19.0
OJ,ED,21.0
LX,WI,12.0
RW,IR,29.0
TH,UB,4.0
VQ,F,46.0
PH,PK,46.0
ED,NA,50.0
PQ,YK,44.0
EC,YO,9.0
GW,P,25.0
VW,PN,31.0
XZ,EG,9.0
UG,GV,25.0
ND,YC,3.0
BM,WQ,9.0
W,NY,18.0
YF,BU,30.0
MV,K,22.0
OM,NQ,5.0
SX,ND,31.0
HP,ET,36.0
SM,PV,42.0
RO,JF,4.0
VB,WO,12.0
DZ,CF,50.0
RY,YK,25.0
YU,YQ,21.0
HT,CS,34.0
YM,PW,10.0
RH,LH,3.0
SD,CA,19.0
WL,LH,9.0
BG,QD,48.0
KU,JV,11.0
FZ,SV,9.0
DD,LZ,8.0
MZ,JD,40.0
LV,CN,6.0
DT,JV,25.0
AA,MK,35.0
RH,HD,46.0
WW,AO,27.0
OU,HW,50.0
WN,HM,19.0
PO,EP,39.0
UJ,LN,8.0
LV,HE,36.0
VE,NU,5.0
YR,SI,42.0
JI,C,13.0
TK,NZ,19.0
WG,MA,28.0
KB,XH,23.0
MX,VI,33.0
WW,JW,16.0
JY,LV,41.0
NN,KJ,40.0
FJ,XR,14.0
XT,QJ,36.0
IS,TJ,24.0
EK,BH,1.0
JM,HH,37.0
PM,QU,14.0
HX,MY,34.0
MR,DB,26.0
VV,FG,38.0
SV,II,9.0
NW,MT,33.0
OX,HX,16.0
NP,MQ,38.0
VW,II,38.0
KA,DW,48.0
SO,IF,35.0
YE,KH,13.0
HO,NG,4.0
LZ,MT,9.0
OT,QU,17.0
KM,NB,33.0
DO,PS,1.0
QL,YD,17.0
AM,OV,11.0
CZ,TU,41.0
HT,WI,33.0
WJ,BV,49.0
HW,DT,13.0
SV,RQ,24.0
YF,IB,11.0
JH,DW,19.0
HN,PI,49.0
MF,DR,4.0
WR,TX,34.0
KP,DU,2.0
JK,TZ,15.0
YK,FW,31.0
YB,MU,44.0
LA,YN,2.0
NZ,DZ,37.0
GW,CF,21.0
ED,UH,12.0
VF,JE,27.0
KK,W,29.0
JF,QB,37.0
VA,NH,37.0
QJ,KY,38.0
GE,US,7.0
HI,YW,29.0
DY,LS,42.0
RJ,QF,10.0
SC,SD,49.0
NC,WS,41.0
DD,OC,7.0
N,GX,3.0
PY,JM,4.0
LR,PZ,42.0
UL,AN,37.0
OY,IW,45.0
GK,LQ,22.0
EH,OC,28.0
YP,SR,49.0
BT,AM,41.0
QL,CZ,10.0
VE,HC,7.0
QK,ON,45.0
BJ,SY,40.0
CF,JR,6.0
JB,JX,47.0
VP,FE,26.0
AH,VF,34.0
RC,VG,22.0
US,QA,36.0
AM,CZ,41.0
SR,BF,45.0
XK,OD,48.0
G,BS,29.0
WI,UO,32.0
KR,TC,20.0
FJ,VQ,19.0
WV,E,10.0
RN,KN,34.0
LV,FQ,25.0
UN,MC,33.0
AK,KN,36.0
KI,VW,11.0
XO,OO,26.0
IQ,TE,21.0
OZ,BO,13.0
PR,XV,28.0
PL,BY,32.0
XO,TF,46.0
TG,BD,20.0
HG,GP,4.0
FG,H,40.0
SR,PE,47.0
SM,BY,5.0
IK,BY,16.0
XO,XW,46.0
NJ,CE,45.0
SZ,EG,29.0
XS,IJ,29.0
KD,WP,16.0
ML,YO,12.0
VI,TN,33.0
GV,UA,38.0
LU,PP,42.0
OO,TQ,46.0
KN,IU,41.0
IX,AC,6.0
LR,ED,31.0
KP,BT,26.0
LI,CG,33.0
RZ,IH,44.0
ET,GU,4.0
LC,SE,41.0
AS,YY,32.0
EK,WN,8.0
KF,UF,24.0
SL,RM,47.0
QK,CR,26.0
MD,RZ,6.0
KN,JH,38.0
XD,BR,42.0
JO,PX,50.0
WG,CH,10.0
NC,QA,21.0
UQ,CK,45.0
BE,HI,10.0
DZ,GY,46.0
EM,YU,41.0
XW,PQ,7.0
RX,UM,9.0
KC,SB,32.0
QF,RU,28.0
VS,AQ,21.0
IL,JN,23.0
DD,UW,8.0
LB,YX,10.0
IF,QQ,37.0
GF,AN,8.0
CR,HN,28.0
YJ,JD,19.0
AN,BI,42.0
GI,QQ,21.0
EF,TC,38.0
QO,MK,19.0
UE,HE,7.0
KY,HW,20.0
OV,BB,15.0
DU,HR,43.0
VZ,YY,30.0
CS,FH,40.0
N,OE,40.0
V,SU,48.0
MN,NZ,44.0
WB,HR,23.0
VN,LP,46.0
ME,UX,36.0
QT,TA,22.0
VE,SN,40.0
MV,SP,20.0
NW,MI,27.0
PO,FE,45.0
KD,GC,17.0
UJ,UX,38.0
YN,CY,39.0
AJ,TN,37.0
CG,FK,24.0
FK,IB,44.0
VB,BM,38.0
LE,FX,1.0
PX,SV,19.0
PE,IC,32.0
XQ,IF,29.0
SW,RB,36.0
OT,MF,44.0
DH,PE,6.0
IM,BE,22.0
DE,MN,13.0
VJ,AU,11.0
TL,QM,22.0
XQ,EB,14.0
P,KW,46.0
RG,VV,50.0
E,OZ,49.0
PG,FS,36.0
DX,RR,10.0
NO,BP,37.0
DU,WD,33.0
YO,BF,10.0
GF,YH,30.0
RI,TL,21.0
BJ,X,41.0
NV,CF,3.0
NH,GD,32.0
IH,BX,7.0
UG,WM,50.0
DY,LH,5.0
ON,AD,42.0
FC,GQ,17.0
HY,ER,23.0
SN,CI,13.0
JX,WJ,35.0
GD,AJ,2.0
CK,NE,22.0
XG,PG,10.0
MD,LH,20.0
FG,CK,12.0
GB,NM,33.0
PU,UK,16.0
RJ,CV,32.0
JA,LS,11.0
EL,NP,11.0
NK,WT,12.0
SP,IT,20.0
SP,Y,7.0
N,CI,6.0
YK,PG,28.0
PM,AJ,34.0
GI,OC,17.0
YV,PU,21.0
SB,HC,44.0
B,XR,4.0
FN,QM,19.0
V,LP,2.0
DP,XJ,16.0
WL,SD,22.0
DS,DJ,36.0
IU,AO,7.0
BW,MA,22.0
TK,LN,15.0
VX,QM,12.0
RQ,WZ,27.0
TR,HM,42.0
PF,JO,31.0
JZ,XS,20.0
FR,FQ,3.0
UC,QV,17.0
TO,UT,24.0
IJ,DT,13.0
BD,KP,35.0
NP,OI,43.0
RG,OQ,20.0
DA,VI,33.0
WO,HY,41.0
HE,KM,12.0
AK,KP,45.0
BX,A,21.0
KO,MJ,11.0
NP,XQ,2.0
LC,Q,49.0
SO,TF,29.0
CB,DP,32.0
PJ,TH,10.0
CU,EC,25.0
GM,VW,21.0
NI,XN,20.0
QV,B,4.0
PT,YG,24.0
RW,MZ,33.0
RC,DV,40.0
LM,VY,20.0
YE,RD,4.0
P,RQ,31.0
EY,TP,37.0
ND,TP,48.0
DP,GW,37.0
BR,WO,10.0
FR,YT,41.0
VR,MR,5.0
CM,YV,21.0
CZ,WM,14.0
PB,IO,1.0
QV,NA,2.0
WV,WN,5.0
FH,NE,35.0
VD,TV,27.0
NX,RW,43.0
JR,WU,21.0
DT,EV,48.0
UR,PH,8.0
LI,PU,12.0
CI,JJ,12.0
SA,LL,17.0
D,SG,46.0
WK,WM,35.0
QJ,EI,40.0
HV,Z,46.0
MO,CR,9.0
IV,GR,44.0
IZ,LG,6.0
FU,UD,31.0
XP,KY,33.0
UJ,LE,47.0
XE,UT,38.0
BB,LW,33.0
GR,FD,15.0
IL,JP,22.0
PT,DC,49.0
LJ,JK,22.0
TT,GS,18.0
PX,JC,18.0
YO,WL,1.0
BK,AU,4.0
M,QM,37.0
QF,NS,17.0
HY,QP,12.0
RU,NT,8.0
LQ,FJ,8.0
LO,LJ,9.0
AY,FB,10.0
SU,UL,26.0
CV,AX,25.0
FI,FW,25.0
SO,MA,45.0
XI,XJ,35.0
PE,HR,3.0
PG,AQ,30.0
NW,DP,30.0
HQ,BF,16.0
WV,BJ,21.0
FD,ME,20.0
IH,XQ,30.0
JI,RJ,33.0
HN,OM,13.0
E,FT,36.0
SK,QT,33.0
DG,BY,23.0
NT,FP,16.0
BN,K,36.0
OO,HW,7.0
GM,PE,10.0
EJ,RQ,29.0
UL,IJ,4.0
CA,RG,8.0
CS,TI,25.0
PO,OO,37.0
RD,FU,1.0
TL,HT,24.0
KQ,ND,43.0
CM,RQ,7.0
GQ,R,9.0
LB,E,40.0
EJ,WH,46.0
B,EQ,47.0
EB,WI,37.0
SM,IU,31.0
VC,DZ,7.0
MT,EB,5.0
UW,MN,18.0
NQ,KO,48.0
FV,GS,34.0
RW,PP,6.0
TS,VV,19.0
OJ,YN,16.0
CN,UB,7.0
KL,YC,9.0
OM,PX,48.0
NJ,EW,50.0
CR,EO,29.0
XK,DZ,47.0
RL,IV,10.0
SX,UB,31.0
XU,LK,39.0
JC,AC,48.0
DW,OG,25.0
T,JK,13.0
RE,IS,23.0
DK,JS,13.0
XS,YN,16.0
AF,SP,33.0
QK,SI,43.0
XM,CQ,35.0
FG,HD,2.0
